episode,return,average_return
1001,-602.5,-602.5
1002,-602.5,-602.5
1003,-602.5,-602.5
1004,-673.0,-620.125
1005,-628.0,-621.7
1006,-523.0,-605.25
1007,-539.5,-595.8571428571429
1008,-694.0,-608.125
1009,-539.5,-600.5
1010,-545.5,-595.0
1011,-539.5,-589.9545454545455
1012,-901.0,-615.875
1013,-674.5,-620.3846153846154
1014,-616.0,-620.0714285714286
1015,-697.0,-625.2
1016,-568.0,-621.625
1017,-548.5,-617.3235294117648
1018,-599.5,-616.3333333333334
1019,-1864.0,-682.0
1020,-878.5,-691.825
1021,-955.0,-704.3571428571429
1022,-676.0,-703.0681818181819
1023,-638.5,-700.2608695652174
1024,-617.5,-696.8125
1025,-545.5,-690.76
1026,-545.5,-685.1730769230769
1027,-548.5,-680.1111111111111
1028,-545.5,-675.3035714285714
1029,-548.5,-670.9310344827586
1030,-548.5,-666.85
1031,-1114.0,-681.2741935483871
1032,-523.0,-676.328125
1033,-685.0,-676.5909090909091
1034,-653.5,-675.9117647058823
1035,-766.0,-678.4857142857143
1036,-638.5,-677.375
1037,-758.5,-679.5675675675676
1038,-539.5,-675.8815789473684
1039,-539.5,-672.3846153846154
1040,-605.5,-670.7125
1041,-539.5,-667.5121951219512
1042,-709.0,-668.5
1043,-523.0,-665.1162790697674
1044,-607.0,-663.7954545454545
1045,-874.0,-668.4666666666667
1046,-668.5,-668.4673913043479
1047,-620.5,-667.4468085106383
1048,-523.0,-664.4375
1049,-523.0,-661.5510204081633
1050,-901.0,-666.34
1051,-523.0,-663.5294117647059
1052,-640.0,-663.0769230769231
1053,-557.5,-661.0849056603773
1054,-601.0,-659.9722222222222
1055,-526.0,-657.5363636363636
1056,-523.0,-655.1339285714286
1057,-500.5,-652.421052631579
1058,-523.0,-650.1896551724138
1059,-596.5,-649.2796610169491
1060,-500.5,-646.8
1061,-700.0,-647.672131147541
1062,-523.0,-645.6612903225806
1063,-523.0,-643.7142857142857
1064,-526.0,-641.875
1065,-523.0,-640.0461538461539
1066,-523.0,-638.2727272727273
1067,-631.0,-638.1641791044776
1068,-487.0,-635.9411764705883
1069,-731.5,-637.3260869565217
1070,-583.0,-636.55
1071,-674.5,-637.0845070422536
1072,-571.0,-636.1666666666666
1073,-500.5,-634.3082191780821
1074,-500.5,-632.5
1075,-500.5,-630.74
1076,-500.5,-629.0263157894736
1077,-610.0,-628.7792207792207
1078,-500.5,-627.1346153846154
1079,-598.0,-626.7658227848101
1080,-598.0,-626.40625
1081,-598.0,-626.0555555555555
1082,-529.0,-624.8719512195122
1083,-500.5,-623.3734939759037
1084,-500.5,-621.9107142857143
1085,-500.5,-620.4823529411765
1086,-500.5,-619.0872093023256
1087,-500.5,-617.7241379310345
1088,-500.5,-616.3920454545455
1089,-500.5,-615.0898876404494
1090,-500.5,-613.8166666666667
1091,-565.0,-613.2802197802198
1092,-500.5,-612.054347826087
1093,-551.5,-611.4032258064516
1094,-500.5,-610.2234042553191
1095,-500.5,-609.0684210526316
1096,-850.0,-611.578125
1097,-500.5,-610.4329896907217
1098,-500.5,-609.3112244897959
1099,-565.0,-608.8636363636364
1100,-500.5,-607.78
1101,-566.5,-607.3712871287129
1102,-500.5,-606.3235294117648
1103,-500.5,-605.2961165048544
1104,-500.5,-604.2884615384615
1105,-500.5,-603.3
1106,-500.5,-602.3301886792453
1107,-500.5,-601.3785046728972
1108,-500.5,-600.4444444444445
1109,-592.0,-600.3669724770642
1110,-500.5,-599.459090909091
1111,-782.5,-601.1081081081081
1112,-578.5,-600.90625
1113,-500.5,-600.0176991150443
1114,-500.5,-599.1447368421053
1115,-545.5,-598.6782608695652
1116,-500.5,-597.8318965517242
1117,-553.0,-597.4487179487179
1118,-500.5,-596.6271186440678
1119,-563.5,-596.3487394957983
1120,-500.5,-595.55
1121,-500.5,-594.7644628099174
1122,-716.5,-595.7622950819672
1123,-608.5,-595.8658536585366
1124,-688.0,-596.608870967742
1125,-500.5,-595.84
1126,-500.5,-595.0833333333334
1127,-500.5,-594.3385826771654
1128,-515.5,-593.72265625
1129,-500.5,-593.0
1130,-785.5,-594.4807692307693
1131,-500.5,-593.763358778626
1132,-523.0,-593.2272727272727
1133,-500.5,-592.5300751879699
1134,-500.5,-591.8432835820895
1135,-500.5,-591.1666666666666
1136,-532.0,-590.7316176470588
1137,-500.5,-590.07299270073
1138,-500.5,-589.4239130434783
1139,-500.5,-588.7841726618705
1140,-500.5,-588.1535714285715
1141,-500.5,-587.531914893617
1142,-529.0,-587.1197183098592
1143,-697.0,-587.8881118881119
1144,-521.5,-587.4270833333334
1145,-500.5,-586.8275862068965
1146,-500.5,-586.236301369863
1147,-727.0,-587.1938775510204
1148,-740.5,-588.2297297297297
1149,-500.5,-587.6409395973154
1150,-500.5,-587.06
1151,-500.5,-586.4867549668874
1152,-476.5,-585.7631578947369
1153,-749.5,-586.8333333333334
1154,-500.5,-586.2727272727273
1155,-500.5,-585.7193548387097
1156,-526.0,-585.3365384615385
1157,-647.5,-585.7324840764331
1158,-475.0,-585.0316455696203
1159,-500.5,-584.5
1160,-545.5,-584.25625
1161,-500.5,-583.7360248447205
1162,-500.5,-583.2222222222222
1163,-500.5,-582.7147239263803
1164,-500.5,-582.2134146341464
1165,-500.5,-581.7181818181818
1166,-551.5,-581.5361445783133
1167,-754.0,-582.5688622754491
1168,-556.0,-582.4107142857143
1169,-893.5,-584.2514792899408
1170,-500.5,-583.7588235294118
1171,-649.0,-584.140350877193
1172,-529.0,-583.8197674418604
1173,-500.5,-583.3381502890173
1174,-500.5,-582.8620689655172
1175,-535.0,-582.5885714285714
1176,-572.5,-582.53125
1177,-500.5,-582.0677966101695
1178,-500.5,-581.6095505617977
1179,-538.0,-581.3659217877095
1180,-500.5,-580.9166666666666
1181,-800.5,-582.1298342541437
1182,-538.0,-581.8873626373627
1183,-649.0,-582.2540983606557
1184,-500.5,-581.8097826086956
1185,-500.5,-581.3702702702702
1186,-500.5,-580.9354838709677
1187,-602.5,-581.0508021390374
1188,-500.5,-580.6223404255319
1189,-553.0,-580.4761904761905
1190,-565.0,-580.3947368421053
1191,-500.5,-579.9764397905759
1192,-500.5,-579.5625
1193,-500.5,-579.1528497409327
1194,-500.5,-578.7474226804123
1195,-500.5,-578.3461538461538
1196,-500.5,-577.9489795918367
1197,-554.5,-577.8299492385787
1198,-554.5,-577.7121212121212
1199,-554.5,-577.5954773869347
1200,-554.5,-577.48
1201,-554.5,-577.3656716417911
1202,-538.0,-577.1707920792079
1203,-500.5,-576.7931034482758
1204,-500.5,-576.4191176470588
1205,-535.0,-576.2170731707317
1206,-500.5,-575.8495145631068
1207,-500.5,-575.4855072463768
1208,-655.0,-575.8677884615385
1209,-500.5,-575.5071770334928
1210,-500.5,-575.15
1211,-625.0,-575.3862559241707
1212,-500.5,-575.0330188679245
1213,-500.5,-574.6830985915493
1214,-680.5,-575.1775700934579
1215,-500.5,-574.8302325581395
1216,-608.5,-574.9861111111111
1217,-500.5,-574.6428571428571
1218,-697.0,-575.204128440367
1219,-500.5,-574.8630136986301
1220,-500.5,-574.525
1221,-500.5,-574.1900452488687
1222,-500.5,-573.8581081081081
1223,-829.0,-575.0022421524664
1224,-683.5,-575.4866071428571
1225,-635.5,-575.7533333333333
1226,-500.5,-575.4203539823009
1227,-545.5,-575.2885462555066
1228,-479.5,-574.8684210526316
1229,-565.0,-574.8253275109171
1230,-500.5,-574.5021739130435
1231,-646.0,-574.8116883116883
1232,-571.0,-574.7952586206897
1233,-500.5,-574.4763948497854
1234,-538.0,-574.3205128205128
1235,-500.5,-574.0063829787234
1236,-500.5,-573.6949152542373
1237,-622.0,-573.8987341772151
1238,-500.5,-573.5903361344538
1239,-500.5,-573.2845188284518
1240,-500.5,-572.98125
1241,-515.5,-572.7427385892116
1242,-575.5,-572.7541322314049
1243,-500.5,-572.4567901234568
1244,-673.0,-572.8688524590164
1245,-500.5,-572.5734693877552
1246,-2084.5,-578.719512195122
1247,-500.5,-578.4028340080972
1248,-500.5,-578.0887096774194
1249,-500.5,-577.777108433735
1250,-500.5,-577.468
1251,-640.0,-577.7171314741036
1252,-500.5,-577.4107142857143
1253,-500.5,-577.1067193675889
1254,-500.5,-576.8051181102362
1255,-518.5,-576.5764705882353
1256,-500.5,-576.279296875
1257,-500.5,-575.9844357976654
1258,-785.5,-576.796511627907
1259,-500.5,-576.5019305019305
1260,-500.5,-576.2096153846154
1261,-500.5,-575.919540229885
1262,-500.5,-575.6316793893129
1263,-578.5,-575.6425855513309
1264,-500.5,-575.3579545454545
1265,-560.5,-575.3018867924528
1266,-500.5,-575.0206766917294
1267,-500.5,-574.7415730337078
1268,-664.0,-575.0746268656717
1269,-500.5,-574.7973977695167
1270,-565.0,-574.7611111111111
1271,-706.0,-575.2453874538745
1272,-500.5,-574.9705882352941
1273,-667.0,-575.3076923076923
1274,-628.0,-575.5
1275,-500.5,-575.2272727272727
1276,-500.5,-574.9565217391304
1277,-538.0,-574.8231046931407
1278,-644.5,-575.0737410071943
1279,-673.0,-575.4247311827957
1280,-500.5,-575.1571428571428
1281,-500.5,-574.8914590747331
1282,-538.0,-574.7606382978723
1283,-500.5,-574.4982332155477
1284,-500.5,-574.237676056338
1285,-500.5,-573.978947368421
1286,-500.5,-573.722027972028
1287,-500.5,-573.4668989547039
1288,-500.5,-573.2135416666666
1289,-500.5,-572.9619377162629
1290,-500.5,-572.7120689655172
1291,-596.5,-572.7938144329897
1292,-500.5,-572.5462328767123
1293,-500.5,-572.3003412969283
1294,-479.5,-571.984693877551
1295,-500.5,-571.7423728813559
1296,-500.5,-571.5016891891892
1297,-500.5,-571.2626262626262
1298,-500.5,-571.0251677852349
1299,-500.5,-570.7892976588629
1300,-571.0,-570.79
1301,-703.0,-571.2292358803986
1302,-500.5,-570.9950331125827
1303,-500.5,-570.7623762376238
1304,-680.5,-571.1233552631579
1305,-553.0,-571.0639344262295
1306,-500.5,-570.8333333333334
1307,-479.5,-570.5358306188925
1308,-500.5,-570.3084415584416
1309,-536.5,-570.1990291262136
1310,-571.0,-570.2016129032259
1311,-500.5,-569.9774919614148
1312,-500.5,-569.7548076923077
1313,-616.0,-569.9025559105431
1314,-500.5,-569.6815286624204
1315,-556.0,-569.6380952380953
1316,-500.5,-569.4193037974684
1317,-529.0,-569.2917981072555
1318,-613.0,-569.4292452830189
1319,-571.0,-569.4341692789968
1320,-500.5,-569.21875
1321,-536.5,-569.1168224299065
1322,-571.0,-569.1226708074535
1323,-538.0,-569.0263157894736
1324,-475.0,-568.7361111111111
1325,-500.5,-568.5261538461539
1326,-500.5,-568.3174846625767
1327,-581.5,-568.3577981651376
1328,-709.0,-568.7865853658536
1329,-500.5,-568.5790273556231
1330,-500.5,-568.3727272727273
1331,-500.5,-568.1676737160121
1332,-692.5,-568.5421686746988
1333,-500.5,-568.3378378378378
1334,-500.5,-568.1347305389221
1335,-643.0,-568.3582089552239
1336,-571.0,-568.3660714285714
1337,-500.5,-568.1646884272997
1338,-500.5,-567.9644970414201
1339,-500.5,-567.7654867256637
1340,-500.5,-567.5676470588236
1341,-500.5,-567.3709677419355
1342,-500.5,-567.1754385964912
1343,-706.0,-567.5801749271137
1344,-548.5,-567.5247093023256
1345,-557.5,-567.4956521739131
1346,-659.5,-567.7615606936416
1347,-535.0,-567.6671469740634
1348,-500.5,-567.4741379310345
1349,-500.5,-567.28223495702
1350,-500.5,-567.0914285714285
1351,-500.5,-566.9017094017094
1352,-631.0,-567.0838068181819
1353,-500.5,-566.8951841359774
1354,-695.5,-567.2584745762712
1355,-958.0,-568.3591549295775
1356,-500.5,-568.1685393258427
1357,-698.5,-568.5336134453781
1358,-500.5,-568.3435754189944
1359,-607.0,-568.4512534818941
1360,-565.0,-568.4416666666667
1361,-500.5,-568.2534626038781
1362,-500.5,-568.0662983425415
1363,-616.0,-568.198347107438
1364,-500.5,-568.0123626373627
1365,-544.0,-567.9465753424657
1366,-500.5,-567.7622950819672
1367,-688.0,-568.0899182561308
1368,-500.5,-567.90625
1369,-581.5,-567.9430894308944
1370,-571.0,-567.9513513513514
1371,-734.5,-568.4002695417789
1372,-500.5,-568.2177419354839
1373,-464.5,-567.9396782841823
1374,-500.5,-567.75935828877
1375,-500.5,-567.58
1376,-544.0,-567.5172872340426
1377,-500.5,-567.3395225464191
1378,-515.5,-567.202380952381
1379,-500.5,-567.0263852242743
1380,-565.0,-567.021052631579
1381,-500.5,-566.8464566929134
1382,-548.5,-566.7984293193717
1383,-500.5,-566.6253263707572
1384,-500.5,-566.453125
1385,-572.5,-566.4688311688311
1386,-593.5,-566.5388601036269
1387,-500.5,-566.3682170542636
1388,-572.5,-566.3840206185567
1389,-880.0,-567.1902313624679
1390,-500.5,-567.0192307692307
1391,-646.0,-567.2212276214834
1392,-500.5,-567.0510204081633
1393,-544.0,-566.9923664122138
1394,-500.5,-566.8236040609137
1395,-500.5,-566.6556962025317
1396,-500.5,-566.4886363636364
1397,-500.5,-566.3224181360201
1398,-500.5,-566.1570351758794
1399,-560.5,-566.1428571428571
1400,-538.0,-566.0725
1401,-500.5,-565.9089775561097
1402,-500.5,-565.7462686567164
1403,-500.5,-565.5843672456575
1404,-500.5,-565.4232673267327
1405,-500.5,-565.262962962963
1406,-536.5,-565.192118226601
1407,-536.5,-565.1216216216217
1408,-500.5,-564.9632352941177
1409,-500.5,-564.8056234718827
1410,-514.0,-564.6817073170731
1411,-500.5,-564.5255474452555
1412,-556.0,-564.504854368932
1413,-542.5,-564.451573849879
1414,-571.0,-564.4673913043479
1415,-548.5,-564.4289156626506
1416,-631.0,-564.5889423076923
1417,-500.5,-564.4352517985611
1418,-500.5,-564.2822966507177
1419,-500.5,-564.1300715990453
1420,-688.0,-564.425
1421,-518.5,-564.3159144893111
1422,-571.0,-564.3317535545024
1423,-620.5,-564.4645390070922
1424,-475.0,-564.253537735849
1425,-584.5,-564.3011764705882
1426,-500.5,-564.1514084507043
1427,-500.5,-564.0023419203748
1428,-643.0,-564.1869158878504
1429,-500.5,-564.0384615384615
1430,-565.0,-564.0406976744187
1431,-556.0,-564.0220417633411
1432,-500.5,-563.875
1433,-500.5,-563.728637413395
1434,-523.0,-563.6347926267281
1435,-532.0,-563.5620689655173
1436,-500.5,-563.4174311926605
1437,-535.0,-563.3524027459954
1438,-608.5,-563.4554794520548
1439,-556.0,-563.4384965831435
1440,-596.5,-563.5136363636364
1441,-500.5,-563.3707482993198
1442,-682.0,-563.6391402714933
1443,-500.5,-563.4966139954853
1444,-722.5,-563.8547297297297
1445,-500.5,-563.7123595505618
1446,-580.0,-563.7488789237668
1447,-500.5,-563.6073825503356
1448,-560.5,-563.6004464285714
1449,-500.5,-563.4599109131403
1450,-500.5,-563.32
1451,-500.5,-563.180709534368
1452,-575.5,-563.20796460177
1453,-500.5,-563.0695364238411
1454,-500.5,-562.931718061674
1455,-500.5,-562.7945054945055
1456,-515.5,-562.6907894736842
1457,-607.0,-562.7877461706784
1458,-500.5,-562.6517467248908
1459,-971.5,-563.5424836601308
1460,-500.5,-563.4054347826087
1461,-500.5,-563.2689804772234
1462,-500.5,-563.1331168831168
1463,-500.5,-562.9978401727861
1464,-500.5,-562.8631465517242
1465,-685.0,-563.1258064516129
1466,-500.5,-562.9914163090128
1467,-500.5,-562.8576017130621
1468,-500.5,-562.724358974359
1469,-569.5,-562.7388059701492
1470,-500.5,-562.6063829787234
1471,-566.5,-562.6146496815287
1472,-500.5,-562.4830508474577
1473,-983.5,-563.3731501057082
1474,-500.5,-563.2405063291139
1475,-565.0,-563.2442105263158
1476,-556.0,-563.2289915966387
1477,-500.5,-563.0974842767296
1478,-500.5,-562.9665271966527
1479,-500.5,-562.8361169102296
1480,-475.0,-562.653125
1481,-475.0,-562.4708939708939
1482,-622.0,-562.594398340249
1483,-569.5,-562.6086956521739
1484,-574.0,-562.6322314049587
1485,-563.5,-562.6340206185567
1486,-544.0,-562.5956790123457
1487,-487.0,-562.4404517453798
1488,-487.0,-562.2858606557377
1489,-500.5,-562.1595092024539
1490,-500.5,-562.0336734693877
1491,-475.0,-561.8564154786151
1492,-500.5,-561.7317073170732
1493,-536.5,-561.6805273833671
1494,-500.5,-561.5566801619433
1495,-500.5,-561.4333333333333
1496,-500.5,-561.3104838709677
1497,-500.5,-561.1881287726358
1498,-554.5,-561.1746987951807
1499,-500.5,-561.0531062124248
1500,-500.5,-560.932
1501,-500.5,-560.811377245509
1502,-608.5,-560.906374501992
1503,-475.0,-560.7355864811133
1504,-517.0,-560.6488095238095
1505,-500.5,-560.5297029702971
1506,-500.5,-560.4110671936759
1507,-500.5,-560.292899408284
1508,-500.5,-560.1751968503937
1509,-625.0,-560.3025540275049
1510,-487.0,-560.1588235294117
1511,-545.5,-560.1301369863014
1512,-500.5,-560.013671875
1513,-776.5,-560.4356725146199
1514,-475.0,-560.2694552529183
1515,-529.0,-560.2087378640776
1516,-500.5,-560.0930232558139
1517,-517.0,-560.009671179884
1518,-676.0,-560.2335907335907
1519,-475.0,-560.0693641618498
1520,-475.0,-559.9057692307692
1521,-694.0,-560.1631477927064
1522,-475.0,-560.0
1523,-586.0,-560.0497131931166
1524,-578.5,-560.0849236641221
1525,-580.0,-560.1228571428571
1526,-607.0,-560.2119771863117
1527,-475.0,-560.050284629981
1528,-514.0,-559.9630681818181
1529,-475.0,-559.8024574669187
1530,-554.5,-559.7924528301887
1531,-571.0,-559.8135593220339
1532,-500.5,-559.702067669173
1533,-475.0,-559.5431519699812
1534,-577.0,-559.5758426966293
1535,-569.5,-559.5943925233645
1536,-493.0,-559.4701492537314
1537,-493.0,-559.3463687150838
1538,-527.5,-559.2871747211896
1539,-629.5,-559.417439703154
1540,-464.5,-559.2416666666667
1541,-487.0,-559.1081330868761
1542,-464.5,-558.9335793357934
1543,-464.5,-558.7596685082873
1544,-475.0,-558.6056985294117
1545,-544.0,-558.5788990825688
1546,-464.5,-558.4065934065934
1547,-464.5,-558.2349177330896
1548,-673.0,-558.4443430656934
1549,-476.5,-558.2950819672132
1550,-464.5,-558.1245454545455
1551,-475.0,-557.9736842105264
1552,-514.0,-557.8940217391304
1553,-514.0,-557.8146473779385
1554,-475.0,-557.6651624548737
1555,-487.0,-557.5378378378379
1556,-475.0,-557.3893884892086
1557,-718.0,-557.677737881508
1558,-475.0,-557.5295698924731
1559,-475.0,-557.3819320214669
1560,-581.5,-557.425
1561,-487.0,-557.2994652406417
1562,-476.5,-557.1556939501779
1563,-475.0,-557.0097690941385
1564,-475.0,-556.8643617021277
1565,-475.0,-556.7194690265487
1566,-500.5,-556.6201413427561
1567,-500.5,-556.521164021164
1568,-620.5,-556.6338028169014
1569,-518.5,-556.5667838312829
1570,-476.5,-556.4263157894737
1571,-476.5,-556.2863397548161
1572,-475.0,-556.1442307692307
1573,-583.0,-556.1910994764398
1574,-475.0,-556.0496515679442
1575,-535.0,-556.0130434782609
1576,-494.5,-555.90625
1577,-530.5,-555.8622183708839
1578,-475.0,-555.7223183391003
1579,-701.5,-555.9740932642487
1580,-680.5,-556.1887931034482
1581,-494.5,-556.0826161790018
1582,-601.0,-556.159793814433
1583,-475.0,-556.0205831903945
1584,-475.0,-555.8818493150685
1585,-494.5,-555.776923076923
1586,-611.5,-555.8720136518772
1587,-475.0,-555.7342419080068
1588,-475.0,-555.5969387755102
1589,-475.0,-555.4601018675721
1590,-475.0,-555.3237288135593
1591,-475.0,-555.1878172588832
1592,-464.5,-555.0346283783783
1593,-475.0,-554.8996627318718
1594,-796.0,-555.3055555555555
1595,-475.0,-555.1705882352941
1596,-475.0,-555.0360738255033
1597,-475.0,-554.9020100502513
1598,-475.0,-554.7683946488295
1599,-476.5,-554.6377295492488
1600,-475.0,-554.505
1601,-476.5,-554.3752079866889
1602,-476.5,-554.2458471760797
1603,-476.5,-554.1169154228855
1604,-1243.0,-555.2574503311258
1605,-586.0,-555.3082644628099
1606,-475.0,-555.1757425742575
1607,-565.0,-555.1919275123558
1608,-475.0,-555.0600328947369
1609,-475.0,-554.9285714285714
1610,-475.0,-554.7975409836066
1611,-475.0,-554.6669394435352
1612,-563.5,-554.6813725490196
1613,-703.0,-554.9233278955954
1614,-565.0,-554.9397394136807
1615,-464.5,-554.7926829268292
1616,-500.5,-554.7045454545455
1617,-632.5,-554.8306320907617
1618,-500.5,-554.742718446602
1619,-487.0,-554.6332794830372
1620,-475.0,-554.5048387096774
1621,-520.0,-554.4492753623189
1622,-560.5,-554.4590032154341
1623,-592.0,-554.5192616372392
1624,-475.0,-554.3918269230769
1625,-565.0,-554.4088
1626,-545.5,-554.3945686900959
1627,-500.5,-554.3086124401914
1628,-475.0,-554.1823248407643
1629,-475.0,-554.056438791733
1630,-475.0,-553.9309523809524
1631,-475.0,-553.8058637083993
1632,-475.0,-553.681170886076
1633,-487.0,-553.5758293838862
1634,-487.0,-553.4708201892745
1635,-475.0,-553.3472440944881
1636,-475.0,-553.2240566037735
1637,-475.0,-553.1012558869702
1638,-476.5,-552.9811912225705
1639,-475.0,-552.8591549295775
1640,-607.0,-552.94375
1641,-475.0,-552.8221528861154
1642,-475.0,-552.7009345794393
1643,-487.0,-552.5987558320373
1644,-515.5,-552.541149068323
1645,-553.0,-552.5418604651163
1646,-592.0,-552.6029411764706
1647,-487.0,-552.501545595054
1648,-476.5,-552.3842592592592
1649,-476.5,-552.2673343605547
1650,-475.0,-552.1484615384616
1651,-541.0,-552.13133640553
1652,-475.0,-552.013036809816
1653,-487.0,-551.9134762633997
1654,-475.0,-551.795871559633
1655,-494.5,-551.7083969465649
1656,-862.0,-552.1814024390244
1657,-475.0,-552.0639269406392
1658,-517.0,-552.0106382978723
1659,-475.0,-551.8937784522003
1660,-475.0,-551.7772727272727
1661,-565.0,-551.7972768532527
1662,-487.0,-551.6993957703927
1663,-476.5,-551.5859728506788
1664,-988.0,-552.2432228915662
1665,-509.5,-552.1789473684211
1666,-475.0,-552.063063063063
1667,-476.5,-551.9497751124438
1668,-514.0,-551.8929640718563
1669,-491.5,-551.8026905829596
1670,-652.0,-551.9522388059702
1671,-643.0,-552.0879284649776
1672,-511.0,-552.0267857142857
1673,-548.5,-552.0215453194651
1674,-713.5,-552.2611275964392
1675,-487.0,-552.1644444444445
1676,-475.0,-552.0502958579882
1677,-464.5,-551.9209748892172
1678,-491.5,-551.8318584070796
1679,-476.5,-551.720913107511
1680,-475.0,-551.6080882352941
1681,-475.0,-551.4955947136564
1682,-475.0,-551.383431085044
1683,-475.0,-551.2715959004393
1684,-475.0,-551.1600877192982
1685,-536.5,-551.1386861313869
1686,-500.5,-551.0648688046647
1687,-475.0,-550.9541484716157
1688,-476.5,-550.8459302325581
1689,-475.0,-550.7358490566038
1690,-475.0,-550.6260869565217
1691,-487.0,-550.534008683068
1692,-475.0,-550.4248554913295
1693,-476.5,-550.3181818181819
1694,-476.5,-550.2118155619596
1695,-475.0,-550.1035971223022
1696,-475.0,-549.9956896551724
1697,-823.0,-550.3873744619799
1698,-541.0,-550.3739255014326
1699,-475.0,-550.2660944206009
1700,-647.5,-550.405
1701,-514.0,-550.3530670470756
1702,-563.5,-550.3717948717949
1703,-1058.5,-551.0945945945946
1704,-887.5,-551.5724431818181
1705,-697.0,-551.7787234042553
1706,-548.5,-551.7740793201133
1707,-476.5,-551.6676096181046
1708,-476.5,-551.5614406779661
1709,-605.5,-551.6375176304655
1710,-524.5,-551.5992957746479
1711,-476.5,-551.493670886076
1712,-475.0,-551.3862359550562
1713,-475.0,-551.2791023842917
1714,-487.0,-551.1890756302521
1715,-629.5,-551.2986013986014
1716,-518.5,-551.2527932960894
1717,-946.0,-551.8033472803347
1718,-475.0,-551.6963788300835
1719,-475.0,-551.5897079276773
1720,-475.0,-551.4833333333333
1721,-565.0,-551.502080443828
1722,-662.5,-551.6558171745153
1723,-532.0,-551.6286307053942
1724,-494.5,-551.5497237569061
1725,-475.0,-551.4441379310344
1726,-491.5,-551.3615702479339
1727,-541.0,-551.3473177441541
1728,-476.5,-551.2445054945055
1729,-476.5,-551.141975308642
1730,-475.0,-551.0376712328767
1731,-647.5,-551.1696306429549
1732,-476.5,-551.0676229508197
1733,-476.5,-550.9658935879945
1734,-475.0,-550.8623978201634
1735,-476.5,-550.761224489796
1736,-494.5,-550.6847826086956
1737,-851.5,-551.0929443690637
1738,-514.0,-551.0426829268292
1739,-475.0,-550.9397834912044
1740,-476.5,-550.8391891891891
1741,-494.5,-550.7631578947369
1742,-475.0,-550.661051212938
1743,-664.0,-550.8135935397039
1744,-476.5,-550.7137096774194
1745,-475.0,-550.6120805369128
1746,-547.0,-550.6072386058981
1747,-475.0,-550.5060240963855
1748,-464.5,-550.3910427807486
1749,-848.5,-550.7890520694259
1750,-494.5,-550.714
1751,-584.5,-550.7589880159787
1752,-494.5,-550.6841755319149
1753,-493.0,-550.6075697211155
1754,-475.0,-550.5072944297082
1755,-475.0,-550.4072847682119
1756,-1037.5,-551.0515873015873
1757,-514.0,-551.002642007926
1758,-512.5,-550.9518469656992
1759,-475.0,-550.8517786561265
1760,-475.0,-550.7519736842105
1761,-496.0,-550.6800262812089
1762,-494.5,-550.6062992125984
1763,-788.5,-550.9180865006554
1764,-475.0,-550.8187172774869
1765,-475.0,-550.7196078431373
1766,-544.0,-550.7108355091384
1767,-494.5,-550.6375488917862
1768,-661.0,-550.78125
1769,-476.5,-550.684655396619
1770,-709.0,-550.8902597402597
1771,-494.5,-550.817120622568
1772,-476.5,-550.7208549222798
1773,-541.0,-550.7082794307892
1774,-476.5,-550.6124031007752
1775,-476.5,-550.5167741935484
1776,-475.0,-550.4194587628866
1777,-494.5,-550.3474903474903
1778,-475.0,-550.2506426735218
1779,-595.0,-550.3080872913993
1780,-610.0,-550.3846153846154
1781,-475.0,-550.2880921895006
1782,-476.5,-550.1937340153453
1783,-475.0,-550.0977011494252
1784,-491.5,-550.0229591836735
1785,-476.5,-549.9292993630573
1786,-622.0,-550.0209923664122
1787,-476.5,-549.9275730622618
1788,-509.5,-549.876269035533
1789,-475.0,-549.7813688212927
1790,-476.5,-549.6886075949367
1791,-667.0,-549.8369152970923
1792,-512.5,-549.7897727272727
1793,-476.5,-549.6973518284993
1794,-514.0,-549.6523929471033
1795,-625.0,-549.7471698113208
1796,-584.5,-549.7908291457286
1797,-476.5,-549.6988707653701
1798,-547.0,-549.6954887218045
1799,-476.5,-549.6038798498123
1800,-539.5,-549.59125
1801,-658.0,-549.7265917602996
1802,-577.0,-549.7605985037407
1803,-475.0,-549.6674968866749
1804,-475.0,-549.5746268656717
1805,-512.5,-549.5285714285715
1806,-559.0,-549.5403225806451
1807,-637.0,-549.6486988847583
1808,-475.0,-549.5563118811881
1809,-475.0,-549.464153275649
1810,-563.5,-549.4814814814815
1811,-476.5,-549.3914919852034
1812,-652.0,-549.5178571428571
1813,-574.0,-549.5479704797048
1814,-475.0,-549.4563882063882
1815,-500.5,-549.3963190184049
1816,-476.5,-549.3069852941177
1817,-476.5,-549.2178702570379
1818,-464.5,-549.1143031784841
1819,-476.5,-549.025641025641
1820,-491.5,-548.9554878048781
1821,-476.5,-548.8672350791718
1822,-476.5,-548.779197080292
1823,-476.5,-548.6913730255164
1824,-475.0,-548.6019417475728
1825,-476.5,-548.5145454545454
1826,-559.0,-548.527239709443
1827,-475.0,-548.4383313180169
1828,-476.5,-548.3514492753624
1829,-598.0,-548.4113389626056
1830,-475.0,-548.3228915662651
1831,-511.0,-548.2779783393502
1832,-475.0,-548.1899038461538
1833,-743.5,-548.4243697478992
1834,-476.5,-548.3381294964029
1835,-475.0,-548.2502994011976
1836,-949.0,-548.7296650717703
1837,-476.5,-548.6433691756272
1838,-476.5,-548.5572792362768
1839,-476.5,-548.4713945172825
1840,-476.5,-548.3857142857142
1841,-476.5,-548.3002378121284
1842,-734.5,-548.521377672209
1843,-487.0,-548.4483985765124
1844,-475.0,-548.361374407583
1845,-476.5,-548.2763313609468
1846,-475.0,-548.1897163120567
1847,-494.5,-548.1263282172373
1848,-536.5,-548.1126179245283
1849,-475.0,-548.0265017667845
1850,-475.0,-547.9405882352942
1851,-475.0,-547.8548766157462
1852,-475.0,-547.7693661971831
1853,-475.0,-547.6840562719813
1854,-475.0,-547.5989461358314
1855,-475.0,-547.5140350877193
1856,-476.5,-547.4310747663551
1857,-476.5,-547.3483080513419
1858,-475.0,-547.263986013986
1859,-500.5,-547.209545983702
1860,-475.0,-547.1255813953488
1861,-491.5,-547.060975609756
1862,-541.0,-547.0539443155452
1863,-476.5,-546.9721900347624
1864,-475.0,-546.8888888888889
1865,-476.5,-546.8075144508671
1866,-476.5,-546.7263279445727
1867,-475.0,-546.643598615917
1868,-532.0,-546.6267281105991
1869,-476.5,-546.5460299194476
1870,-476.5,-546.4655172413793
1871,-475.0,-546.3834672789897
1872,-475.0,-546.3016055045872
1873,-475.0,-546.2199312714777
1874,-475.0,-546.1384439359268
1875,-536.5,-546.1274285714286
1876,-475.0,-546.0462328767123
1877,-475.0,-545.9652223489168
1878,-475.0,-545.884396355353
1879,-475.0,-545.8037542662116
1880,-496.0,-545.7471590909091
1881,-475.0,-545.6668558456299
1882,-476.5,-545.5884353741496
1883,-551.5,-545.5951302378256
1884,-494.5,-545.5373303167421
1885,-475.0,-545.457627118644
1886,-475.0,-545.3781038374718
1887,-539.5,-545.3714768883879
1888,-475.0,-545.2922297297297
1889,-476.5,-545.214848143982
1890,-575.5,-545.2488764044944
1891,-805.0,-545.540404040404
1892,-476.5,-545.463004484305
1893,-475.0,-545.3840985442329
1894,-476.5,-545.3070469798657
1895,-476.5,-545.2301675977653
1896,-491.5,-545.1702008928571
1897,-568.0,-545.195652173913
1898,-572.5,-545.2260579064588
1899,-476.5,-545.1496106785318
1900,-652.0,-545.2683333333333
1901,-491.5,-545.2086570477247
1902,-476.5,-545.1324833702882
1903,-476.5,-545.0564784053156
1904,-475.0,-544.9789823008849
1905,-599.5,-545.039226519337
1906,-571.0,-545.067880794702
1907,-514.0,-545.0336273428886
1908,-476.5,-544.9581497797357
1909,-494.5,-544.9026402640264
1910,-476.5,-544.8274725274725
1911,-475.0,-544.7508232711306
1912,-476.5,-544.6759868421053
1913,-475.0,-544.5996714129244
1914,-767.5,-544.843544857768
1915,-475.0,-544.7672131147541
1916,-476.5,-544.6926855895197
1917,-536.5,-544.6837513631407
1918,-476.5,-544.6094771241831
1919,-475.0,-544.5337323177366
1920,-475.0,-544.458152173913
1921,-475.0,-544.3827361563518
1922,-565.0,-544.4050976138828
1923,-581.5,-544.445287107259
1924,-475.0,-544.3701298701299
1925,-475.0,-544.2951351351352
1926,-718.0,-544.4827213822895
1927,-475.0,-544.4077669902913
1928,-475.0,-544.332974137931
1929,-536.5,-544.3245425188375
1930,-475.0,-544.25
1931,-476.5,-544.1772287862514
1932,-491.5,-544.1207081545065
1933,-496.0,-544.0691318327974
1934,-476.5,-543.9967880085653
1935,-476.5,-543.9245989304812
1936,-599.5,-543.9839743589744
1937,-475.0,-543.9103521878335
1938,-664.0,-544.0383795309168
1939,-475.0,-543.964856230032
1940,-548.5,-543.9696808510638
1941,-475.0,-543.8963868225293
1942,-475.0,-543.8232484076433
1943,-476.5,-543.7518557794274
1944,-514.0,-543.7203389830509
1945,-475.0,-543.6476190476191
1946,-494.5,-543.5956659619451
1947,-476.5,-543.5248152059135
1948,-475.0,-543.4525316455696
1949,-475.0,-543.3804004214963
1950,-475.0,-543.3084210526316
1951,-565.0,-543.3312302839116
1952,-475.0,-543.2594537815127
1953,-524.5,-543.2397691500524
1954,-475.0,-543.1682389937107
1955,-476.5,-543.0984293193717
1956,-476.5,-543.0287656903765
1957,-476.5,-542.9592476489029
1958,-553.0,-542.9697286012527
1959,-787.0,-543.2241918665276
1960,-475.0,-543.153125
1961,-475.0,-543.0822060353798
1962,-586.0,-543.1268191268191
1963,-475.0,-543.0560747663551
1964,-475.0,-542.9854771784233
1965,-590.5,-543.0347150259067
1966,-475.0,-542.9642857142857
1967,-464.5,-542.8831437435367
1968,-476.5,-542.8145661157025
1969,-580.0,-542.8529411764706
1970,-475.0,-542.7829896907217
1971,-560.5,-542.8012358393408
1972,-475.0,-542.7314814814815
1973,-475.0,-542.6618705035971
1974,-475.0,-542.5924024640657
1975,-475.0,-542.5230769230769
1976,-686.5,-542.670594262295
1977,-475.0,-542.6013306038894
1978,-475.0,-542.532208588957
1979,-475.0,-542.4632277834525
1980,-475.0,-542.394387755102
1981,-475.0,-542.3256880733945
1982,-512.5,-542.2953156822811
1983,-923.5,-542.6831129196338
1984,-661.0,-542.8033536585366
1985,-593.5,-542.8548223350253
1986,-812.5,-543.1282961460446
1987,-580.0,-543.1656534954408
1988,-538.0,-543.1604251012146
1989,-476.5,-543.0930232558139
1990,-475.0,-543.0242424242424
1991,-667.0,-543.1493440968718
1992,-475.0,-543.0806451612904
1993,-475.0,-543.012084592145
1994,-667.0,-543.1368209255534
1995,-476.5,-543.0698492462311
1996,-475.0,-543.0015060240963
1997,-475.0,-542.9332998996991
1998,-475.0,-542.8652304609218
1999,-514.0,-542.8363363363363
2000,-475.0,-542.7685
2001,-475.0,-542.7007992007992
2002,-476.5,-542.6347305389221
2003,-475.0,-542.567298105683
2004,-493.0,-542.5179282868526
2005,-668.5,-542.6432835820896
2006,-476.5,-542.5775347912524
2007,-475.0,-542.5104270109235
2008,-535.0,-542.5029761904761
2009,-475.0,-542.4360753221011
2010,-476.5,-542.370792079208
2011,-476.5,-542.3056379821959
2012,-476.5,-542.2406126482214
2013,-547.0,-542.2453109575519
2014,-499.0,-542.2026627218935
2015,-475.0,-542.1364532019704
2016,-475.0,-542.070374015748
2017,-476.5,-542.0058997050147
2018,-499.0,-541.9636542239685
2019,-475.0,-541.8979391560354
2020,-476.5,-541.8338235294118
2021,-512.5,-541.8050930460333
2022,-476.5,-541.7411937377691
2023,-530.5,-541.7302052785924
2024,-475.0,-541.6650390625
2025,-652.0,-541.7726829268292
2026,-634.0,-541.8625730994152
2027,-494.5,-541.8164556962025
2028,-475.0,-541.7514591439689
2029,-476.5,-541.6880466472303
2030,-476.5,-541.6247572815533
2031,-565.0,-541.6474296799224
2032,-475.0,-541.5828488372093
2033,-475.0,-541.5183930300096
2034,-476.5,-541.4555125725338
2035,-737.5,-541.6449275362319
2036,-505.0,-541.609555984556
2037,-487.0,-541.5568948891032
2038,-505.0,-541.5216763005781
2039,-476.5,-541.4590952839269
2040,-475.0,-541.3951923076924
2041,-476.5,-541.3328530259366
2042,-476.5,-541.2706333973128
2043,-475.0,-541.2070949185044
2044,-475.0,-541.1436781609195
2045,-475.0,-541.0803827751196
2046,-475.0,-541.0172084130019
2047,-566.5,-541.041547277937
2048,-607.0,-541.1044847328244
2049,-475.0,-541.0414680648237
2050,-653.5,-541.1485714285715
2051,-476.5,-541.0870599429115
2052,-475.0,-541.0242395437263
2053,-475.0,-540.9615384615385
2054,-475.0,-540.8989563567362
2055,-476.5,-540.8379146919432
2056,-475.0,-540.7755681818181
2057,-475.0,-540.713339640492
2058,-475.0,-540.6512287334593
2059,-475.0,-540.5892351274788
2060,-475.0,-540.527358490566
2061,-584.5,-540.5688030160226
2062,-475.0,-540.5070621468926
2063,-464.5,-540.4355597365945
2064,-616.0,-540.5065789473684
2065,-475.0,-540.4450704225352
2066,-475.0,-540.3836772983115
2067,-682.0,-540.5164011246485
2068,-475.0,-540.4550561797753
2069,-497.5,-540.4148737137511
2070,-487.0,-540.3649532710281
2071,-475.0,-540.3039215686274
2072,-475.0,-540.2430037313433
2073,-551.5,-540.2534948741845
2074,-475.0,-540.1927374301677
2075,-475.0,-540.1320930232558
2076,-475.0,-540.0715613382899
2077,-475.0,-540.0111420612814
2078,-475.0,-539.9508348794063
2079,-475.0,-539.8906394810009
2080,-635.5,-539.9791666666666
2081,-475.0,-539.9190564292322
2082,-539.5,-539.9186691312384
2083,-487.0,-539.8698060941829
2084,-511.0,-539.8431734317343
2085,-499.0,-539.805529953917
2086,-464.5,-539.7361878453039
2087,-464.5,-539.6669733210672
2088,-476.5,-539.6089154411765
2089,-475.0,-539.5495867768595
2090,-476.5,-539.4917431192661
2091,-487.0,-539.4436296975252
2092,-475.0,-539.3846153846154
2093,-476.5,-539.3270814272644
2094,-476.5,-539.2696526508226
2095,-475.0,-539.2109589041096
2096,-476.5,-539.1537408759124
2097,-475.0,-539.0952597994531
2098,-475.0,-539.0368852459017
2099,-476.5,-538.9799818016379
2100,-539.5,-538.9804545454546
2101,-476.5,-538.9237057220708
2102,-554.5,-538.9378402903811
2103,-577.0,-538.9723481414325
2104,-475.0,-538.914402173913
2105,-476.5,-538.8579185520362
2106,-476.5,-538.8015370705244
2107,-475.0,-538.7439024390244
2108,-475.0,-538.6863718411553
2109,-521.5,-538.6708746618575
2110,-475.0,-538.6135135135136
2111,-511.0,-538.5886588658866
2112,-476.5,-538.5328237410072
2113,-476.5,-538.477088948787
2114,-629.5,-538.5587971274686
2115,-476.5,-538.5031390134529
2116,-539.5,-538.5040322580645
2117,-476.5,-538.4485228290063
2118,-476.5,-538.3931127012522
2119,-476.5,-538.3378016085791
2120,-584.5,-538.3790178571429
2121,-476.5,-538.3238180196254
2122,-487.0,-538.2780748663101
2123,-475.0,-538.2217275155832
2124,-575.5,-538.2548932384342
2125,-670.0,-538.372
2126,-475.0,-538.3157193605684
2127,-487.0,-538.2701863354038
2128,-487.0,-538.2247340425532
2129,-476.5,-538.1700620017715
2130,-565.0,-538.1938053097346
2131,-487.0,-538.1485411140584
2132,-674.5,-538.2689929328621
2133,-464.5,-538.2038834951456
2134,-544.0,-538.2089947089947
2135,-512.5,-538.1863436123348
2136,-647.5,-538.2825704225352
2137,-464.5,-538.2176781002638
2138,-475.0,-538.1621265377856
2139,-617.5,-538.2317822651448
2140,-539.5,-538.2328947368421
2141,-475.0,-538.1774758983348
2142,-500.5,-538.1444833625219
2143,-475.0,-538.0892388451443
2144,-499.0,-538.05506993007
2145,-464.5,-537.9908296943231
2146,-476.5,-537.937172774869
2147,-464.5,-537.8731473408893
2148,-487.0,-537.8288327526133
2149,-844.0,-538.0953002610966
2150,-536.5,-538.0939130434782
2151,-511.0,-538.0703735881842
2152,-475.0,-538.015625
2153,-569.5,-538.0429314830876
2154,-548.5,-538.051993067591
2155,-623.5,-538.1259740259741
2156,-752.5,-538.3114186851211
2157,-622.0,-538.3837510803803
2158,-476.5,-538.330310880829
2159,-464.5,-538.2666091458153
2160,-476.5,-538.2133620689655
2161,-832.0,-538.4664082687339
2162,-605.5,-538.5240963855422
2163,-496.0,-538.487532244196
2164,-658.0,-538.590206185567
2165,-475.0,-538.5356223175966
2166,-491.5,-538.4952830188679
2167,-553.0,-538.5077120822622
2168,-475.0,-538.4533390410959
2169,-475.0,-538.3990590248076
2170,-1046.5,-538.8333333333334
2171,-464.5,-538.7698548249359
2172,-476.5,-538.716723549488
2173,-475.0,-538.6624040920716
2174,-487.0,-538.618398637138
2175,-476.5,-538.5655319148937
2176,-545.5,-538.5714285714286
2177,-530.5,-538.5645709430756
2178,-515.5,-538.5449915110356
2179,-476.5,-538.4923664122138
2180,-509.5,-538.4677966101694
2181,-530.5,-538.461049957663
2182,-475.0,-538.4073604060914
2183,-476.5,-538.3550295857988
2184,-476.5,-538.3027871621622
2185,-475.0,-538.2493670886076
2186,-475.0,-538.1960370994941
2187,-476.5,-538.1440606571188
2188,-476.5,-538.0921717171717
2189,-475.0,-538.0391084945333
2190,-476.5,-537.9873949579832
2191,-667.0,-538.095717884131
2192,-605.5,-538.1522651006711
2193,-475.0,-538.0993294216262
2194,-491.5,-538.0603015075377
2195,-464.5,-537.9987447698745
2196,-475.0,-537.9460702341137
2197,-476.5,-537.8947368421053
2198,-542.5,-537.8985809682805
2199,-854.5,-538.162635529608
2200,-538.0,-538.1625
2201,-475.0,-538.1099084096586
2202,-475.0,-538.0574043261231
2203,-541.0,-538.0598503740648
2204,-475.0,-538.0074750830565
2205,-476.5,-537.9564315352698
2206,-476.5,-537.905472636816
2207,-476.5,-537.8545981772991
2208,-476.5,-537.8038079470199
2209,-581.5,-537.8399503722085
2210,-476.5,-537.7892561983471
2211,-475.0,-537.7374071015689
2212,-626.5,-537.8106435643564
2213,-476.5,-537.760098928277
2214,-475.0,-537.7084019769358
2215,-580.0,-537.7432098765432
2216,-493.0,-537.7064144736842
2217,-476.5,-537.6561216105176
2218,-476.5,-537.6059113300493
2219,-476.5,-537.5557834290402
2220,-494.5,-537.5204918032787
2221,-464.5,-537.460687960688
2222,-475.0,-537.4095744680851
2223,-608.5,-537.4677023712184
2224,-476.5,-537.4178921568628
2225,-475.0,-537.3669387755102
2226,-476.5,-537.3172920065252
2227,-475.0,-537.2665036674816
2228,-496.0,-537.2328990228013
2229,-475.0,-537.1822620016274
2230,-475.0,-537.1317073170732
2231,-475.0,-537.081234768481
2232,-476.5,-537.0320616883117
2233,-565.0,-537.0547445255474
2234,-496.0,-537.0214748784441
2235,-581.5,-537.0574898785425
2236,-607.0,-537.1140776699029
2237,-512.5,-537.0941794664511
2238,-499.0,-537.063408723748
2239,-476.5,-537.0145278450364
2240,-475.0,-536.9645161290323
2241,-664.0,-537.0668815471394
2242,-475.0,-537.0169082125603
2243,-568.0,-537.0418342719228
2244,-517.0,-537.0257234726688
2245,-475.0,-536.9759036144578
2246,-476.5,-536.927367576244
2247,-491.5,-536.8909382518043
2248,-475.0,-536.8413461538462
2249,-475.0,-536.7918334667734
2250,-491.5,-536.7556
2251,-703.0,-536.8884892086331
2252,-647.5,-536.9768370607029
2253,-475.0,-536.927374301676
2254,-464.5,-536.8696172248804
2255,-535.0,-536.8681274900398
2256,-475.0,-536.8188694267516
2257,-502.0,-536.791169451074
2258,-475.0,-536.7420508744038
2259,-475.0,-536.6930103256553
2260,-536.5,-536.6928571428572
2261,-476.5,-536.6451229183187
2262,-475.0,-536.5962757527734
2263,-659.5,-536.6935866983373
2264,-476.5,-536.6459651898734
2265,-541.0,-536.6494071146245
2266,-680.5,-536.7630331753554
2267,-551.5,-536.7746645619574
2268,-475.0,-536.7259463722397
2269,-659.5,-536.822695035461
2270,-476.5,-536.7751968503937
2271,-511.0,-536.7549173878836
2272,-494.5,-536.7216981132076
2273,-488.5,-536.6838177533385
2274,-476.5,-536.6365777080063
2275,-476.5,-536.5894117647059
2276,-476.5,-536.5423197492163
2277,-476.5,-536.4953014878622
2278,-548.5,-536.5046948356808
2279,-476.5,-536.4577795152463
2280,-476.5,-536.4109375
2281,-490.0,-536.3747072599532
2282,-650.5,-536.4637285491419
2283,-464.5,-536.4076383476228
2284,-464.5,-536.3516355140187
2285,-476.5,-536.3050583657588
2286,-613.0,-536.3646967340591
2287,-577.0,-536.3962703962704
2288,-535.0,-536.3951863354038
2289,-487.0,-536.3568657874321
2290,-554.5,-536.3709302325582
2291,-464.5,-536.3152594887684
2292,-487.0,-536.2770897832818
2293,-545.5,-536.284222737819
2294,-691.0,-536.4037867078825
2295,-475.0,-536.3563706563707
2296,-464.5,-536.300925925926
2297,-464.5,-536.245566692367
2298,-530.5,-536.2411402157165
2299,-487.0,-536.203233256351
2300,-607.0,-536.2576923076923
2301,-487.0,-536.2198308993082
2302,-499.0,-536.1912442396314
2303,-464.5,-536.1362240982348
2304,-496.0,-536.1054447852761
2305,-475.0,-536.0586206896552
2306,-475.0,-536.0118683001531
2307,-607.0,-536.066182096404
2308,-475.0,-536.019495412844
2309,-475.0,-535.9728800611153
2310,-464.5,-535.918320610687
2311,-476.5,-535.8729977116705
2312,-475.0,-535.826600609756
2313,-545.5,-535.8339680121858
2314,-551.5,-535.8458904109589
2315,-475.0,-535.7996197718631
2316,-487.0,-535.762537993921
2317,-475.0,-535.7164009111617
2318,-475.0,-535.6703338391502
2319,-464.5,-535.6163760424564
2320,-464.5,-535.5625
2321,-475.0,-535.5166540499622
2322,-476.5,-535.4720121028745
2323,-875.5,-535.7290249433106
2324,-545.5,-535.7364048338369
2325,-475.0,-535.6905660377358
2326,-607.0,-535.7443438914028
2327,-527.5,-535.7381311228335
2328,-475.0,-535.6923945783133
2329,-476.5,-535.6478555304741
2330,-475.0,-535.6022556390977
2331,-475.0,-535.5567242674681
2332,-476.5,-535.5123873873874
2333,-475.0,-535.466991747937
2334,-476.5,-535.4227886056972
2335,-554.5,-535.4370786516854
2336,-632.5,-535.5097305389221
2337,-476.5,-535.4655946148092
2338,-476.5,-535.4215246636771
2339,-476.5,-535.3775205377148
2340,-476.5,-535.3335820895522
2341,-476.5,-535.2897091722596
2342,-476.5,-535.2459016393443
2343,-475.0,-535.2010424422933
2344,-476.5,-535.1573660714286
2345,-476.5,-535.1137546468401
2346,-541.0,-535.1181277860327
2347,-550.0,-535.1291759465479
2348,-475.0,-535.0845697329377
2349,-475.0,-535.0400296515937
2350,-476.5,-534.9966666666667
2351,-475.0,-534.9522575869726
2352,-476.5,-534.9090236686391
2353,-547.0,-534.9179600886918
2354,-788.5,-535.1052437223043
2355,-494.5,-535.0752767527675
2356,-554.5,-535.0896017699115
2357,-475.0,-535.0453205600589
2358,-475.0,-535.0011045655375
2359,-476.5,-534.9580573951434
2360,-476.5,-534.9150735294118
2361,-475.0,-534.8710506980161
2362,-475.0,-534.8270925110132
2363,-554.5,-534.8415260454879
2364,-530.5,-534.8383431085044
2365,-514.0,-534.8230769230769
2366,-476.5,-534.7803806734993
2367,-475.0,-534.7366495976592
2368,-476.5,-534.6940789473684
2369,-476.5,-534.6515704894083
2370,-475.0,-534.6080291970803
2371,-476.5,-534.5656455142232
2372,-586.0,-534.6031341107872
2373,-476.5,-534.5608157319738
2374,-475.0,-534.5174672489082
2375,-476.5,-534.4752727272727
2376,-476.5,-534.4331395348837
2377,-475.0,-534.3899782135077
2378,-512.5,-534.3740928882438
2379,-476.5,-534.3321247280638
2380,-476.5,-534.2902173913044
2381,-487.0,-534.2559739319333
2382,-554.5,-534.2706222865412
2383,-541.0,-534.2754880694143
2384,-476.5,-534.2337427745665
2385,-530.5,-534.231046931408
2386,-593.5,-534.2738095238095
2387,-536.5,-534.2754145638067
2388,-476.5,-534.2337896253603
2389,-518.5,-534.2224622030237
2390,-476.5,-534.1809352517986
2391,-821.5,-534.3874910136592
2392,-475.0,-534.3448275862069
2393,-475.0,-534.3022254127782
2394,-476.5,-534.2607604017217
2395,-475.0,-534.2182795698925
2396,-475.0,-534.1758595988539
2397,-554.5,-534.1904080171797
2398,-511.0,-534.1738197424893
2399,-475.0,-534.1315225160829
2400,-464.5,-534.0817857142857
2401,-464.5,-534.0321199143469
2402,-554.5,-534.0467189728959
2403,-476.5,-534.0057020669993
2404,-605.5,-534.0566239316239
2405,-464.5,-534.0071174377224
2406,-526.0,-534.0014224751067
2407,-476.5,-533.9605543710021
2408,-655.0,-534.0465198863636
2409,-476.5,-534.0056777856636
2410,-476.5,-533.9648936170213
2411,-476.5,-533.9241672572643
2412,-581.5,-533.9578611898017
2413,-475.0,-533.9161358811041
2414,-560.5,-533.9349363507779
2415,-475.0,-533.8932862190812
2416,-476.5,-533.8527542372881
2417,-514.0,-533.8387438249823
2418,-539.5,-533.842736248237
2419,-721.0,-533.9746300211416
2420,-476.5,-533.9341549295775
2421,-475.0,-533.8926812104152
2422,-511.0,-533.876582278481
2423,-1013.5,-534.2136331693605
2424,-464.5,-534.1646769662922
2425,-476.5,-534.1242105263158
2426,-620.5,-534.1847826086956
2427,-604.0,-534.2337070777855
2428,-464.5,-534.1848739495798
2429,-559.0,-534.2022393282016
2430,-464.5,-534.1534965034965
2431,-464.5,-534.104821802935
2432,-475.0,-534.0635474860335
2433,-512.5,-534.0484996510817
2434,-518.5,-534.0376569037657
2435,-670.0,-534.1324041811847
2436,-475.0,-534.091225626741
2437,-544.0,-534.098121085595
2438,-464.5,-534.0497218358831
2439,-559.0,-534.0670604586519
2440,-475.0,-534.0260416666666
2441,-475.0,-533.9850798056905
2442,-476.5,-533.9452149791956
2443,-524.5,-533.9386694386694
2444,-533.5,-533.9383656509696
2445,-545.5,-533.946366782007
2446,-586.0,-533.9823651452282
2447,-476.5,-533.9426399447132
2448,-475.0,-533.9019337016574
2449,-476.5,-533.8623188405797
2450,-476.5,-533.8227586206897
2451,-514.0,-533.8090971743625
2452,-476.5,-533.7696280991736
2453,-475.0,-533.7291810048176
2454,-476.5,-533.6898211829437
2455,-475.0,-533.6494845360825
2456,-475.0,-533.6092032967033
2457,-476.5,-533.570006863418
2458,-476.5,-533.5308641975308
2459,-556.0,-533.5462645647704
2460,-532.0,-533.5452054794521
2461,-476.5,-533.506160164271
2462,-550.0,-533.5174418604652
2463,-464.5,-533.4702665755298
2464,-464.5,-533.423155737705
2465,-464.5,-533.3761092150171
2466,-464.5,-533.3291268758527
2467,-476.5,-533.2903885480573
2468,-464.5,-533.2435286103542
2469,-464.5,-533.1967324710688
2470,-464.5,-533.15
2471,-464.5,-533.1033310673012
2472,-476.5,-533.0648777173913
2473,-572.5,-533.091649694501
2474,-631.0,-533.1580732700136
2475,-476.5,-533.1196610169492
2476,-592.0,-533.1595528455284
2477,-476.5,-533.121191604604
2478,-613.0,-533.1752368064953
2479,-541.0,-533.1805273833671
2480,-475.0,-533.1412162162162
2481,-476.5,-533.1029709655638
2482,-499.0,-533.07995951417
2483,-475.0,-533.0407956844234
2484,-464.5,-532.9946091644205
2485,-535.0,-532.9959595959596
2486,-493.0,-532.9690444145357
2487,-487.0,-532.9381304640215
2488,-475.0,-532.8991935483871
2489,-521.5,-532.8915379449295
2490,-499.0,-532.8687919463088
2491,-464.5,-532.8229376257545
2492,-476.5,-532.7851876675603
2493,-476.5,-532.7474882786336
2494,-596.5,-532.7901606425703
2495,-601.0,-532.8357859531773
2496,-512.5,-532.822192513369
2497,-476.5,-532.7845691382765
2498,-464.5,-532.7389853137516
2499,-476.5,-532.7014676450967
2500,-464.5,-532.656
2501,-514.0,-532.6435709526982
2502,-475.0,-532.6051930758988
2503,-475.0,-532.5668662674651
2504,-476.5,-532.5295877659574
2505,-607.0,-532.5790697674419
2506,-476.5,-532.5418326693227
2507,-475.0,-532.5036496350365
2508,-464.5,-532.4585543766578
2509,-476.5,-532.4214711729622
2510,-464.5,-532.3764900662252
2511,-464.5,-532.3315684976836
2512,-475.0,-532.2936507936508
2513,-464.5,-532.2488433575677
2514,-694.0,-532.355680317041
2515,-490.0,-532.3277227722772
2516,-464.5,-532.282981530343
2517,-596.5,-532.3253131179961
2518,-551.5,-532.3379446640316
2519,-502.0,-532.3179723502304
2520,-653.5,-532.3976973684211
2521,-464.5,-532.3530571992111
2522,-545.5,-532.3616951379763
2523,-475.0,-532.3240315167433
2524,-464.5,-532.2795275590552
2525,-476.5,-532.2429508196722
2526,-464.5,-532.1985583224115
2527,-517.0,-532.188605108055
2528,-493.0,-532.1629581151833
2529,-559.0,-532.1805101373446
2530,-496.0,-532.156862745098
2531,-464.5,-532.1126714565644
2532,-520.0,-532.1047650130548
2533,-464.5,-532.0606653620353
2534,-709.0,-532.1760104302477
2535,-487.0,-532.1465798045602
2536,-464.5,-532.1025390625
2537,-674.5,-532.1951854261548
2538,-464.5,-532.1511703511053
2539,-475.0,-532.1140350877193
2540,-608.5,-532.1636363636363
2541,-527.5,-532.1606099935107
2542,-476.5,-532.124513618677
2543,-476.5,-532.0884640311082
2544,-748.0,-532.2283031088083
2545,-476.5,-532.1922330097087
2546,-476.5,-532.1562095730918
2547,-476.5,-532.120232708468
2548,-476.5,-532.0843023255813
2549,-476.5,-532.0484183344093
2550,-475.0,-532.0116129032258
2551,-464.5,-531.968085106383
2552,-620.5,-532.0251288659794
2553,-476.5,-531.9893754024469
2554,-476.5,-531.953667953668
2551,-475.0,-475.0
2552,-475.0,-475.0
2553,-475.0,-475.0
2554,-475.0,-475.0
2555,-512.5,-482.5
2556,-553.0,-494.25
2557,-476.5,-491.7142857142857
2558,-476.5,-489.8125
2559,-491.5,-490.0
2560,-475.0,-488.5
2561,-475.0,-487.27272727272725
2562,-464.5,-485.375
2563,-464.5,-483.7692307692308
2564,-464.5,-482.39285714285717
2565,-535.0,-485.9
2566,-592.0,-492.53125
2567,-464.5,-490.88235294117646
2568,-520.0,-492.5
2569,-554.5,-495.7631578947368
2570,-475.0,-494.725
2571,-475.0,-493.7857142857143
2572,-475.0,-492.9318181818182
2573,-475.0,-492.1521739130435
2574,-514.0,-493.0625
2575,-502.0,-493.42
2576,-580.0,-496.75
2577,-476.5,-496.0
2578,-979.0,-513.25
2579,-589.0,-515.8620689655172
2580,-488.5,-514.95
2581,-476.5,-513.7096774193549
2582,-583.0,-515.875
2583,-475.0,-514.6363636363636
2584,-475.0,-513.4705882352941
2585,-682.0,-518.2857142857143
2586,-571.0,-519.75
2587,-475.0,-518.5405405405405
2588,-593.5,-520.5131578947369
2589,-476.5,-519.3846153846154
2590,-464.5,-518.0125
2591,-464.5,-516.7073170731708
2592,-476.5,-515.75
2593,-674.5,-519.4418604651163
2594,-569.5,-520.5795454545455
2595,-464.5,-519.3333333333334
2596,-529.0,-519.5434782608696
2597,-464.5,-518.3723404255319
2598,-664.0,-521.40625
2599,-464.5,-520.2448979591836
2600,-464.5,-519.13
2601,-695.5,-522.5882352941177
2602,-464.5,-521.4711538461538
2603,-464.5,-520.3962264150944
2604,-464.5,-519.3611111111111
2605,-476.5,-518.5818181818182
2606,-464.5,-517.6160714285714
2607,-464.5,-516.6842105263158
2608,-487.0,-516.1724137931035
2609,-464.5,-515.2966101694915
2610,-464.5,-514.45
2611,-488.5,-514.0245901639345
2612,-580.0,-515.0887096774194
2613,-535.0,-515.4047619047619
2614,-464.5,-514.609375
2615,-475.0,-514.0
2616,-530.5,-514.25
2617,-545.5,-514.7164179104477
2618,-464.5,-513.9779411764706
2619,-464.5,-513.2608695652174
2620,-464.5,-512.5642857142857
2621,-464.5,-511.88732394366195
2622,-476.5,-511.3958333333333
2623,-464.5,-510.75342465753425
2624,-565.0,-511.4864864864865
2625,-464.5,-510.86
2626,-590.5,-511.9078947368421
2627,-464.5,-511.2922077922078
2628,-464.5,-510.6923076923077
2629,-587.5,-511.6645569620253
2630,-464.5,-511.075
2631,-464.5,-510.5
2632,-626.5,-511.9146341463415
2633,-529.0,-512.1204819277109
2634,-464.5,-511.55357142857144
2635,-464.5,-511.0
2636,-500.5,-510.8779069767442
2637,-464.5,-510.3448275862069
2638,-464.5,-509.8238636363636
2639,-464.5,-509.314606741573
2640,-464.5,-508.81666666666666
2641,-464.5,-508.3296703296703
2642,-475.0,-507.9673913043478
2643,-464.5,-507.5
2644,-464.5,-507.0425531914894
2645,-464.5,-506.59473684210525
2646,-524.5,-506.78125
2647,-607.0,-507.8144329896907
2648,-536.5,-508.10714285714283
2649,-464.5,-507.6666666666667
2650,-619.0,-508.78
2651,-464.5,-508.34158415841586
2652,-464.5,-507.9117647058824
2653,-464.5,-507.49029126213594
2654,-583.0,-508.21634615384613
2655,-487.0,-508.01428571428573
2656,-464.5,-507.60377358490564
2657,-464.5,-507.20093457943926
2658,-464.5,-506.80555555555554
2659,-772.0,-509.23853211009174
2660,-578.5,-509.8681818181818
2661,-464.5,-509.4594594594595
2662,-464.5,-509.0580357142857
2663,-476.5,-508.7699115044248
2664,-464.5,-508.38157894736844
2665,-521.5,-508.495652173913
2666,-578.5,-509.0991379310345
2667,-464.5,-508.71794871794873
2668,-530.5,-508.9025423728813
2669,-464.5,-508.52941176470586
2670,-464.5,-508.1625
2671,-464.5,-507.801652892562
2672,-464.5,-507.4467213114754
2673,-464.5,-507.0975609756098
2674,-464.5,-506.7540322580645
2675,-464.5,-506.416
2676,-464.5,-506.0833333333333
2677,-464.5,-505.755905511811
2678,-464.5,-505.43359375
2679,-464.5,-505.1162790697674
2680,-572.5,-505.63461538461536
2681,-592.0,-506.293893129771
2682,-646.0,-507.35227272727275
2683,-475.0,-507.109022556391
2684,-536.5,-507.32835820895525
2685,-844.0,-509.8222222222222
2686,-649.0,-510.84558823529414
2687,-475.0,-510.5839416058394
2688,-475.0,-510.32608695652175
2689,-464.5,-509.99640287769785
2690,-617.5,-510.76428571428573
2691,-475.0,-510.51063829787233
2692,-545.5,-510.75704225352115
2693,-464.5,-510.43356643356645
2694,-475.0,-510.1875
2695,-592.0,-510.75172413793103
2696,-509.5,-510.7431506849315
2697,-476.5,-510.51020408163265
2698,-530.5,-510.64527027027026
2699,-604.0,-511.2718120805369
2700,-493.0,-511.15
2701,-464.5,-510.841059602649
2702,-514.0,-510.8618421052632
2703,-464.5,-510.55882352941177
2704,-464.5,-510.2597402597403
2705,-590.5,-510.7774193548387
2706,-464.5,-510.4807692307692
2707,-464.5,-510.187898089172
2708,-554.5,-510.46835443037975
2709,-581.5,-510.91509433962267
2710,-475.0,-510.690625
2711,-607.0,-511.2888198757764
2712,-464.5,-511.0
2713,-464.5,-510.7147239263804
2714,-464.5,-510.4329268292683
2715,-553.0,-510.6909090909091
2716,-464.5,-510.41265060240966
2717,-464.5,-510.1377245508982
2718,-464.5,-509.86607142857144
2719,-517.0,-509.9082840236686
2720,-464.5,-509.6411764705882
2721,-464.5,-509.37719298245617
2722,-464.5,-509.1162790697674
2723,-464.5,-508.85838150289015
2724,-584.5,-509.2931034482759
2725,-464.5,-509.03714285714284
2726,-518.5,-509.09090909090907
2727,-464.5,-508.83898305084745
2728,-851.5,-510.76404494382024
2729,-464.5,-510.50558659217876
2730,-464.5,-510.25
2731,-499.0,-510.1878453038674
2732,-464.5,-509.9368131868132
2733,-476.5,-509.75409836065575
2734,-464.5,-509.50815217391306
2735,-476.5,-509.3297297297297
2736,-568.0,-509.64516129032256
2737,-476.5,-509.46791443850265
2738,-476.5,-509.2925531914894
2739,-581.5,-509.6746031746032
2740,-662.5,-510.4789473684211
2741,-464.5,-510.23821989528795
2742,-494.5,-510.15625
2743,-476.5,-509.9818652849741
2744,-476.5,-509.80927835051546
2745,-475.0,-509.6307692307692
2746,-476.5,-509.46173469387753
2747,-476.5,-509.29441624365484
2748,-476.5,-509.1287878787879
2749,-476.5,-508.964824120603
2750,-476.5,-508.8025
2751,-476.5,-508.64179104477614
2752,-464.5,-508.4232673267327
2753,-464.5,-508.2068965517241
2754,-500.5,-508.16911764705884
2755,-464.5,-507.9560975609756
2756,-464.5,-507.74514563106794
2757,-502.0,-507.7173913043478
2758,-535.0,-507.8485576923077
2759,-550.0,-508.05023923444975
2760,-521.5,-508.1142857142857
2761,-607.0,-508.58293838862556
2762,-464.5,-508.375
2763,-476.5,-508.22535211267603
2764,-475.0,-508.0700934579439
2765,-476.5,-507.92325581395346
2766,-476.5,-507.77777777777777
2767,-476.5,-507.6336405529954
2768,-476.5,-507.4908256880734
2769,-566.5,-507.76027397260276
2770,-476.5,-507.6181818181818
2771,-887.5,-509.3371040723982
2772,-476.5,-509.18918918918916
2773,-475.0,-509.0358744394619
2774,-476.5,-508.890625
2775,-464.5,-508.6933333333333
2776,-499.0,-508.6504424778761
2777,-476.5,-508.50881057268725
2778,-572.5,-508.7894736842105
2779,-641.5,-509.36899563318775
2780,-686.5,-510.1391304347826
2781,-464.5,-509.9415584415584
2782,-476.5,-509.79741379310343
2783,-476.5,-509.65450643776825
2784,-512.5,-509.6666666666667
2785,-496.0,-509.6085106382979
2786,-580.0,-509.90677966101697
2787,-530.5,-509.99367088607596
2788,-569.5,-510.2436974789916
2789,-476.5,-510.10251046025104
2790,-847.0,-511.50625
2791,-475.0,-511.35477178423236
2792,-464.5,-511.1611570247934
2793,-476.5,-511.01851851851853
2794,-464.5,-510.827868852459
2795,-464.5,-510.6387755102041
2796,-464.5,-510.4512195121951
2797,-464.5,-510.2651821862348
2798,-464.5,-510.0806451612903
2799,-502.0,-510.04819277108436
2800,-464.5,-509.866
2801,-530.5,-509.9482071713147
2802,-464.5,-509.76785714285717
2803,-464.5,-509.5889328063241
2804,-596.5,-509.93110236220474
2805,-512.5,-509.94117647058823
2806,-464.5,-509.763671875
2807,-542.5,-509.8910505836576
2808,-638.5,-510.38953488372096
2809,-464.5,-510.2123552123552
2810,-464.5,-510.03653846153844
2811,-464.5,-509.86206896551727
2812,-464.5,-509.6889312977099
2813,-464.5,-509.5171102661597
2814,-464.5,-509.34659090909093
2815,-464.5,-509.17735849056606
2816,-464.5,-509.0093984962406
2817,-521.5,-509.0561797752809
2818,-464.5,-508.8899253731343
2819,-574.0,-509.13197026022306
2820,-464.5,-508.96666666666664
2821,-607.0,-509.32841328413286
2822,-584.5,-509.6047794117647
2823,-500.5,-509.57142857142856
2824,-464.5,-509.4069343065693
2825,-464.5,-509.24363636363637
2826,-464.5,-509.08152173913044
2827,-464.5,-508.92057761732855
2828,-580.0,-509.17625899280574
2829,-464.5,-509.01612903225805
2830,-464.5,-508.85714285714283
2831,-464.5,-508.69928825622776
2832,-536.5,-508.79787234042556
2833,-464.5,-508.64134275618375
2834,-529.0,-508.7130281690141
2835,-464.5,-508.5578947368421
2836,-476.5,-508.4458041958042
2837,-464.5,-508.2926829268293
2838,-464.5,-508.140625
2839,-464.5,-507.9896193771626
2840,-464.5,-507.8396551724138
2841,-464.5,-507.69072164948454
2842,-464.5,-507.5428082191781
2843,-464.5,-507.39590443686006
2844,-500.5,-507.3724489795918
2845,-464.5,-507.2271186440678
2846,-517.0,-507.26013513513516
2847,-464.5,-507.1161616161616
2848,-508.0,-507.1191275167785
2849,-592.0,-507.40301003344484
2850,-464.5,-507.26
2851,-464.5,-507.1179401993355
2852,-475.0,-507.0115894039735
2853,-464.5,-506.8712871287129
2854,-521.5,-506.9194078947368
2855,-464.5,-506.78032786885245
2856,-568.0,-506.98039215686276
2857,-476.5,-506.88110749185665
2858,-475.0,-506.7775974025974
2859,-502.0,-506.7621359223301
2860,-464.5,-506.6258064516129
2861,-583.0,-506.87138263665594
2862,-464.5,-506.7355769230769
2863,-464.5,-506.6006389776358
2864,-464.5,-506.46656050955414
2865,-464.5,-506.3333333333333
2866,-464.5,-506.2009493670886
2867,-464.5,-506.0694006309148
2868,-551.5,-506.2122641509434
2869,-464.5,-506.08150470219437
2870,-464.5,-505.9515625
2871,-464.5,-505.8224299065421
2872,-464.5,-505.694099378882
2873,-464.5,-505.56656346749224
2874,-517.0,-505.60185185185185
2875,-464.5,-505.4753846153846
2876,-682.0,-506.01687116564415
2877,-464.5,-505.88990825688074
2878,-674.5,-506.4039634146341
2879,-607.0,-506.709726443769
2880,-464.5,-506.58181818181816
2881,-559.0,-506.74018126888217
2882,-607.0,-507.0421686746988
2883,-464.5,-506.9144144144144
2884,-464.5,-506.7874251497006
2885,-464.5,-506.6611940298507
2886,-464.5,-506.5357142857143
2887,-602.5,-506.82047477744806
2888,-464.5,-506.6952662721894
2889,-464.5,-506.570796460177
2890,-488.5,-506.5176470588235
2891,-550.0,-506.64516129032256
2892,-475.0,-506.55263157894734
2893,-668.5,-507.0247813411079
2894,-464.5,-506.9011627906977
2895,-464.5,-506.7782608695652
2896,-500.5,-506.76011560693644
2897,-545.5,-506.871757925072
2898,-464.5,-506.75
2899,-464.5,-506.6289398280802
2900,-514.0,-506.65
2901,-464.5,-506.52991452991455
2902,-464.5,-506.4105113636364
2903,-551.5,-506.5382436260623
2904,-464.5,-506.4194915254237
2905,-464.5,-506.30140845070423
2906,-773.5,-507.0519662921348
2907,-464.5,-506.93277310924367
2908,-464.5,-506.81424581005587
2909,-475.0,-506.72562674094706
2910,-464.5,-506.60833333333335
2911,-464.5,-506.4916897506925
2912,-524.5,-506.5414364640884
2913,-506.5,-506.5413223140496
2914,-655.0,-506.9491758241758
2915,-625.0,-507.27260273972604
2916,-487.0,-507.2172131147541
2917,-692.5,-507.72207084468664
2918,-475.0,-507.63315217391306
2919,-475.0,-507.5447154471545
2920,-464.5,-507.4283783783784
2921,-508.0,-507.4299191374663
2922,-464.5,-507.31451612903226
2923,-637.0,-507.66219839142093
2924,-475.0,-507.5748663101604
2925,-475.0,-507.488
2926,-464.5,-507.37367021276594
2927,-529.0,-507.4310344827586
2928,-697.0,-507.9325396825397
2929,-464.5,-507.8179419525066
2930,-476.5,-507.73552631578946
2931,-464.5,-507.62204724409446
2932,-475.0,-507.5366492146597
2933,-464.5,-507.4242819843342
2934,-476.5,-507.34375
2935,-475.0,-507.2597402597403
2936,-464.5,-507.14896373056996
2937,-536.5,-507.2248062015504
2938,-514.0,-507.24226804123714
2939,-625.0,-507.54498714652954
2940,-476.5,-507.4653846153846
2941,-590.5,-507.6777493606138
2942,-464.5,-507.5676020408163
2943,-464.5,-507.4580152671756
2944,-487.0,-507.4060913705584
2945,-598.0,-507.6354430379747
2946,-464.5,-507.5265151515151
2947,-464.5,-507.4181360201511
2948,-535.0,-507.48743718592965
2949,-464.5,-507.3796992481203
2950,-508.0,-507.38125
2951,-464.5,-507.27431421446386
2952,-464.5,-507.1679104477612
2953,-667.0,-507.56451612903226
2954,-530.5,-507.6212871287129
2955,-464.5,-507.5148148148148
2956,-535.0,-507.58251231527095
2957,-632.5,-507.8894348894349
2958,-584.5,-508.0772058823529
2959,-512.5,-508.0880195599022
2960,-476.5,-508.0109756097561
2961,-464.5,-507.9051094890511
2962,-464.5,-507.7997572815534
2963,-464.5,-507.6949152542373
2964,-464.5,-507.59057971014494
2965,-464.5,-507.4867469879518
2966,-464.5,-507.38341346153845
2967,-619.0,-507.65107913669067
2968,-544.0,-507.738038277512
2969,-539.5,-507.81384248210026
2970,-464.5,-507.7107142857143
2971,-668.5,-508.09263657957246
2972,-515.5,-508.1101895734597
2973,-464.5,-508.0070921985816
2974,-476.5,-507.93278301886795
2975,-500.5,-507.9152941176471
2976,-476.5,-507.84154929577466
2977,-613.0,-508.08782201405154
2978,-475.0,-508.0105140186916
2979,-475.0,-507.93356643356645
2980,-476.5,-507.86046511627904
2981,-475.0,-507.78422273781905
2982,-464.5,-507.68402777777777
2983,-533.5,-507.74364896073905
2984,-464.5,-507.64400921658984
2985,-512.5,-507.6551724137931
2986,-643.0,-507.9655963302752
2987,-464.5,-507.8661327231121
2988,-671.5,-508.23972602739724
2989,-464.5,-508.1400911161731
2990,-655.0,-508.47386363636366
2991,-464.5,-508.3741496598639
2992,-476.5,-508.302036199095
2993,-476.5,-508.23024830699774
2994,-475.0,-508.1554054054054
2995,-476.5,-508.0842696629214
2996,-476.5,-508.0134529147982
2997,-625.0,-508.2751677852349
2998,-475.0,-508.20089285714283
2999,-476.5,-508.130289532294
3000,-515.5,-508.14666666666665
3001,-476.5,-508.07649667405764
3002,-584.5,-508.24557522123894
3003,-464.5,-508.14900662251654
3004,-464.5,-508.05286343612335
3005,-464.5,-507.95714285714286
3006,-464.5,-507.8618421052632
3007,-614.5,-508.09518599562364
3008,-464.5,-508.0
3009,-464.5,-507.9052287581699
3010,-464.5,-507.8108695652174
3011,-476.5,-507.74295010845987
3012,-499.0,-507.72402597402595
3013,-605.5,-507.9352051835853
3014,-464.5,-507.8415948275862
3015,-625.0,-508.09354838709675
3016,-479.5,-508.03218884120173
3017,-499.0,-508.0128479657388
3018,-464.5,-507.91987179487177
3019,-524.5,-507.95522388059703
3020,-554.5,-508.0542553191489
3021,-464.5,-507.96178343949043
3022,-464.5,-507.86970338983053
3023,-464.5,-507.77801268498945
3024,-550.0,-507.86708860759495
3025,-476.5,-507.80105263157895
3026,-464.5,-507.71008403361344
3027,-496.0,-507.685534591195
3028,-464.5,-507.5951882845188
3029,-464.5,-507.5052192066806
3030,-464.5,-507.415625
3031,-535.0,-507.47297297297297
3032,-464.5,-507.3838174273859
3033,-464.5,-507.2950310559006
3034,-464.5,-507.20661157024796
3035,-464.5,-507.1185567010309
3036,-464.5,-507.0308641975309
3037,-496.0,-507.0082135523614
3038,-574.0,-507.1454918032787
3039,-464.5,-507.05828220858893
3040,-464.5,-506.9714285714286
3041,-476.5,-506.9093686354379
3042,-530.5,-506.9573170731707
3043,-464.5,-506.87119675456387
3044,-583.0,-507.02530364372467
3045,-464.5,-506.93939393939394
3046,-511.0,-506.9475806451613
3047,-607.0,-507.14889336016097
3048,-584.5,-507.3042168674699
3049,-475.0,-507.2394789579158
3050,-464.5,-507.154
3051,-475.0,-507.0898203592814
3052,-464.5,-507.0049800796813
3053,-602.5,-507.1948310139165
3054,-494.5,-507.16964285714283
3055,-499.0,-507.15346534653463
3056,-464.5,-507.0691699604743
3057,-476.5,-507.00887573964496
3058,-464.5,-506.9251968503937
3059,-514.0,-506.93909626719056
3060,-464.5,-506.8558823529412
3061,-496.0,-506.83463796477497
3062,-464.5,-506.751953125
3063,-464.5,-506.66959064327483
3064,-464.5,-506.5875486381323
3065,-464.5,-506.50582524271846
3066,-464.5,-506.4244186046512
3067,-464.5,-506.34332688588006
3068,-464.5,-506.26254826254825
3069,-827.5,-506.8815028901734
3070,-524.5,-506.9153846153846
3071,-464.5,-506.83397312859887
3072,-464.5,-506.7528735632184
3073,-476.5,-506.6950286806883
3074,-464.5,-506.6145038167939
3075,-476.5,-506.5571428571429
3076,-464.5,-506.4771863117871
3077,-464.5,-506.3975332068311
3078,-464.5,-506.3181818181818
3079,-475.0,-506.25897920604916
3080,-464.5,-506.1801886792453
3081,-517.0,-506.2005649717514
3082,-476.5,-506.14473684210526
3083,-464.5,-506.06660412757975
3084,-464.5,-505.9887640449438
3085,-464.5,-505.91121495327104
3086,-464.5,-505.8339552238806
3087,-464.5,-505.75698324022346
3088,-464.5,-505.6802973977695
3089,-464.5,-505.6038961038961
3090,-488.5,-505.5722222222222
3091,-739.0,-506.003696857671
3092,-464.5,-505.9271217712177
3093,-464.5,-505.8508287292818
3094,-464.5,-505.7748161764706
3095,-626.5,-505.99633027522935
3096,-464.5,-505.9203296703297
3097,-464.5,-505.84460694698356
3098,-464.5,-505.7691605839416
3099,-464.5,-505.69398907103823
3100,-464.5,-505.6190909090909
3101,-464.5,-505.54446460980034
3102,-490.0,-505.51630434782606
3103,-464.5,-505.44213381555153
3104,-464.5,-505.3682310469314
3105,-464.5,-505.29459459459457
3106,-464.5,-505.2212230215827
3107,-464.5,-505.14811490125675
3108,-464.5,-505.0752688172043
3109,-464.5,-505.0026833631485
3110,-529.0,-505.04553571428573
3111,-565.0,-505.1524064171123
3112,-464.5,-505.0800711743772
3113,-761.5,-505.5355239786856
3114,-476.5,-505.4840425531915
3115,-464.5,-505.41150442477874
3116,-475.0,-505.3577738515901
3117,-464.5,-505.2857142857143
3118,-464.5,-505.21390845070425
3119,-479.5,-505.16871704745165
3120,-488.5,-505.13947368421054
3121,-500.5,-505.1313485113835
3122,-475.0,-505.0786713286713
3123,-464.5,-505.0078534031414
3124,-464.5,-504.93728222996515
3125,-521.5,-504.96608695652174
3126,-475.0,-504.9140625
3127,-464.5,-504.844020797227
3128,-475.0,-504.7923875432526
3129,-464.5,-504.72279792746116
3130,-542.5,-504.78793103448277
3131,-475.0,-504.736660929432
3132,-524.5,-504.77061855670104
3133,-476.5,-504.7221269296741
3134,-476.5,-504.673801369863
3135,-476.5,-504.625641025641
3136,-475.0,-504.5750853242321
3137,-475.0,-504.52470187393527
3138,-476.5,-504.4770408163265
3139,-475.0,-504.4269949066214
3140,-464.5,-504.3593220338983
3141,-476.5,-504.31218274111677
3142,-476.5,-504.2652027027027
3143,-464.5,-504.1981450252951
3144,-550.0,-504.27525252525254
3145,-464.5,-504.20840336134455
3146,-476.5,-504.16191275167785
3147,-476.5,-504.11557788944725
3148,-476.5,-504.06939799331104
3149,-464.5,-504.00333889816363
3150,-475.0,-503.955
3151,-464.5,-503.8893510815308
3152,-464.5,-503.8239202657807
3153,-464.5,-503.7587064676617
3154,-464.5,-503.69370860927154
3155,-464.5,-503.6289256198347
3156,-464.5,-503.56435643564356
3157,-464.5,-503.5
3158,-464.5,-503.4358552631579
3159,-464.5,-503.371921182266
3160,-464.5,-503.3081967213115
3161,-464.5,-503.24468085106383
3162,-476.5,-503.20098039215685
3163,-476.5,-503.1574225122349
3164,-476.5,-503.114006514658
3165,-602.5,-503.27560975609754
3166,-475.0,-503.2297077922078
3167,-626.5,-503.4294975688817
3168,-475.0,-503.38349514563106
3169,-475.0,-503.33764135702745
3170,-475.0,-503.291935483871
3171,-475.0,-503.2463768115942
3172,-475.0,-503.2009646302251
3173,-475.0,-503.1556982343499
3174,-548.5,-503.22836538461536
3175,-464.5,-503.1664
3176,-475.0,-503.1214057507987
3177,-614.5,-503.29904306220095
3178,-464.5,-503.2372611464968
3179,-464.5,-503.1756756756757
3180,-464.5,-503.1142857142857
3181,-569.5,-503.21949286846274
3182,-514.0,-503.2365506329114
3183,-464.5,-503.17535545023696
3184,-524.5,-503.2089905362776
3185,-464.5,-503.14803149606297
3186,-464.5,-503.0872641509434
3187,-464.5,-503.02668759811615
3188,-464.5,-502.9663009404389
3189,-464.5,-502.90610328638496
3190,-464.5,-502.84609375
3191,-496.0,-502.83541341653665
3192,-643.0,-503.053738317757
3193,-475.0,-503.01010886469675
3194,-464.5,-502.9503105590062
3195,-475.0,-502.90697674418607
3196,-464.5,-502.84752321981426
3197,-596.5,-502.9922720247295
3198,-517.0,-503.0138888888889
3199,-464.5,-502.95454545454544
3200,-601.0,-503.1053846153846
3201,-494.5,-503.0921658986175
3202,-608.5,-503.25383435582825
3203,-464.5,-503.19448698315466
3204,-496.0,-503.1834862385321
3205,-475.0,-503.1404580152672
3206,-464.5,-503.0815548780488
3207,-464.5,-503.0228310502283
3208,-464.5,-502.9642857142857
3209,-514.0,-502.9810318664643
3210,-475.0,-502.93863636363636
3211,-512.5,-502.9531013615734
3212,-464.5,-502.8950151057402
3213,-464.5,-502.8371040723982
3214,-731.5,-503.18147590361446
3215,-464.5,-503.1233082706767
3216,-464.5,-503.06531531531533
3217,-464.5,-503.00749625187404
3218,-496.0,-502.99700598802394
3219,-464.5,-502.93946188340806
3220,-539.5,-502.99402985074624
3221,-476.5,-502.95454545454544
3222,-475.0,-502.91294642857144
3223,-464.5,-502.8558692421991
3224,-647.5,-503.07047477744806
3225,-511.0,-503.08222222222224
3226,-464.5,-503.0251479289941
3227,-500.5,-503.02141802067945
3228,-539.5,-503.07522123893807
3229,-476.5,-503.0360824742268
3230,-529.0,-503.07426470588234
3231,-464.5,-503.01762114537445
3232,-464.5,-502.96114369501464
3233,-551.5,-503.03221083455344
3234,-464.5,-502.97587719298247
3235,-464.5,-502.91970802919707
3236,-592.0,-503.04956268221576
3237,-464.5,-502.99344978165936
3238,-475.0,-502.95276162790697
3239,-524.5,-502.9840348330914
3240,-464.5,-502.92826086956524
3241,-464.5,-502.8726483357453
3242,-464.5,-502.8171965317919
3243,-475.0,-502.77705627705626
3244,-464.5,-502.7219020172911
3245,-520.0,-502.74676258992804
3246,-464.5,-502.69181034482756
3247,-464.5,-502.6370157819225
3248,-464.5,-502.5823782234957
3249,-464.5,-502.52789699570815
3250,-475.0,-502.48857142857145
3251,-607.0,-502.6376604850214
3252,-536.5,-502.68589743589746
3253,-607.0,-502.83428165007115
3254,-475.0,-502.7947443181818
3255,-475.0,-502.75531914893617
3256,-476.5,-502.71813031161474
3257,-464.5,-502.66407355021215
3258,-475.0,-502.625
3259,-491.5,-502.60930888575456
3260,-635.5,-502.79647887323944
3261,-475.0,-502.75738396624473
3262,-524.5,-502.7879213483146
3263,-607.0,-502.93408134642357
3264,-530.5,-502.9726890756302
3265,-464.5,-502.91888111888113
3266,-464.5,-502.86522346368713
3267,-517.0,-502.8849372384937
3268,-464.5,-502.8314763231198
3269,-464.5,-502.7781641168289
3270,-548.5,-502.84166666666664
3271,-464.5,-502.7884882108183
3272,-782.5,-503.17590027700834
3273,-539.5,-503.22614107883817
3274,-476.5,-503.189226519337
3275,-464.5,-503.13586206896554
3276,-476.5,-503.099173553719
3277,-464.5,-503.0460797799175
3278,-658.0,-503.25892857142856
3279,-625.0,-503.4259259259259
3280,-584.5,-503.53698630136984
3281,-464.5,-503.48358413132695
3282,-578.5,-503.5860655737705
3283,-878.5,-504.0975443383356
3284,-487.0,-504.0742506811989
3285,-464.5,-504.0204081632653
3286,-490.0,-504.0013586956522
3287,-464.5,-503.94776119402985
3288,-683.5,-504.1910569105691
3289,-464.5,-504.13734776725306
3290,-866.5,-504.62702702702705
3291,-464.5,-504.57287449392715
3292,-524.5,-504.599730458221
3293,-464.5,-504.5457604306864
3294,-464.5,-504.491935483871
3295,-464.5,-504.438255033557
3296,-464.5,-504.38471849865954
3297,-512.5,-504.3955823293173
3298,-464.5,-504.3422459893048
3299,-464.5,-504.2890520694259
3300,-476.5,-504.252
3301,-490.0,-504.2330226364847
3302,-620.5,-504.3876329787234
3303,-464.5,-504.33466135458167
3304,-475.0,-504.2957559681698
3305,-464.5,-504.24304635761587
3306,-464.5,-504.1904761904762
3307,-464.5,-504.13804491413475
3308,-464.5,-504.08575197889184
3309,-475.0,-504.0474308300395
3310,-520.0,-504.0684210526316
3311,-464.5,-504.01642575558475
3312,-550.0,-504.0767716535433
3313,-584.5,-504.1821756225426
3314,-464.5,-504.1302356020942
3315,-464.5,-504.078431372549
3316,-475.0,-504.04046997389037
3317,-464.5,-503.9889178617992
3318,-464.5,-503.9375
3319,-464.5,-503.88621586475944
3320,-605.5,-504.0181818181818
3321,-464.5,-503.96692607003894
3322,-464.5,-503.9158031088083
3323,-464.5,-503.8648124191462
3324,-464.5,-503.8139534883721
3325,-479.5,-503.7825806451613
3326,-475.0,-503.7454896907216
3327,-628.0,-503.9054054054054
3328,-464.5,-503.8547557840617
3329,-464.5,-503.80423620025675
3330,-524.5,-503.83076923076925
3331,-487.0,-503.809218950064
3332,-487.0,-503.78772378516624
3333,-464.5,-503.73754789272033
3334,-536.5,-503.77933673469386
3335,-583.0,-503.88025477707004
3336,-529.0,-503.912213740458
3337,-464.5,-503.86213468869124
3338,-464.5,-503.81218274111677
3339,-464.5,-503.7623574144487
3340,-464.5,-503.7126582278481
3341,-464.5,-503.6630847029077
3342,-500.5,-503.65909090909093
3343,-464.5,-503.609709962169
3344,-607.0,-503.73992443324937
3345,-715.0,-504.0056603773585
3346,-698.5,-504.25
3347,-569.5,-504.331869510665
3348,-605.5,-504.45864661654133
3349,-565.0,-504.53441802252814
3350,-577.0,-504.625
3351,-575.5,-504.7134831460674
3352,-464.5,-504.6633416458853
3353,-493.0,-504.6488169364882
3354,-464.5,-504.5988805970149
3355,-476.5,-504.5639751552795
3356,-605.5,-504.689205955335
3357,-464.5,-504.63940520446096
3358,-545.5,-504.6899752475247
3359,-464.5,-504.64029666254635
3360,-464.5,-504.5907407407407
3361,-464.5,-504.54130702836005
3362,-476.5,-504.5067733990148
3363,-502.0,-504.50369003690037
3364,-475.0,-504.4674447174447
3365,-542.5,-504.51411042944784
3366,-464.5,-504.46507352941177
3367,-545.5,-504.51529987760097
3368,-511.0,-504.52322738386306
3369,-475.0,-504.4871794871795
3370,-475.0,-504.4512195121951
3371,-475.0,-504.415347137637
3372,-926.5,-504.9288321167883
3373,-500.5,-504.92345078979343
3374,-583.0,-505.0182038834951
3375,-848.5,-505.43454545454546
3376,-464.5,-505.3849878934625
3377,-464.5,-505.3355501813785
3378,-464.5,-505.286231884058
3379,-464.5,-505.2370325693607
3380,-464.5,-505.1879518072289
3381,-514.0,-505.1985559566787
3382,-464.5,-505.1496394230769
3383,-695.5,-505.3781512605042
3384,-475.0,-505.341726618705
3385,-521.5,-505.36107784431135
3386,-464.5,-505.3122009569378
3387,-464.5,-505.26344086021504
3388,-535.0,-505.2989260143198
3389,-464.5,-505.2502979737783
3390,-464.5,-505.20178571428573
3391,-635.5,-505.35671819262785
3392,-475.0,-505.3206650831354
3393,-514.0,-505.33096085409255
3394,-476.5,-505.2968009478673
3395,-476.5,-505.2627218934911
3396,-491.5,-505.24645390070924
3397,-502.0,-505.2426210153483
3398,-913.0,-505.72346698113205
3399,-476.5,-505.68904593639576
3400,-475.0,-505.65294117647056
3401,-464.5,-505.6045828437133
3402,-566.5,-505.67605633802816
3403,-464.5,-505.6277842907386
3404,-464.5,-505.57962529274005
3405,-464.5,-505.5315789473684
3406,-464.5,-505.48364485981307
3407,-464.5,-505.4358226371062
3408,-464.5,-505.3881118881119
3409,-464.5,-505.3405122235157
3410,-464.5,-505.293023255814
3411,-703.0,-505.5226480836237
3412,-464.5,-505.47505800464035
3413,-464.5,-505.4275782155272
3414,-499.0,-505.4201388888889
3415,-464.5,-505.3728323699422
3416,-464.5,-505.3256351039261
3417,-464.5,-505.2785467128028
3418,-857.5,-505.684331797235
3419,-464.5,-505.63693901035674
3420,-680.5,-505.8379310344828
3421,-464.5,-505.79047072330656
3422,-580.0,-505.8755733944954
3423,-464.5,-505.82817869415805
3424,-476.5,-505.7946224256293
3425,-464.5,-505.7474285714286
3426,-464.5,-505.7003424657534
3427,-464.5,-505.6533637400228
3428,-499.0,-505.64578587699316
3429,-464.5,-505.598976109215
3430,-464.5,-505.55227272727274
3431,-464.5,-505.505675368899
3432,-514.0,-505.515306122449
3433,-464.5,-505.4688561721404
3434,-464.5,-505.4225113122172
3435,-464.5,-505.3762711864407
3436,-464.5,-505.3301354401806
3437,-464.5,-505.2841037204059
3438,-464.5,-505.2381756756757
3439,-542.5,-505.2800899887514
3440,-464.5,-505.23426966292135
3441,-464.5,-505.1885521885522
3442,-464.5,-505.1429372197309
3443,-586.0,-505.2334826427772
3444,-524.5,-505.255033557047
3445,-475.0,-505.2212290502793
3446,-475.0,-505.1875
3447,-536.5,-505.22240802675583
3448,-476.5,-505.1904231625835
3449,-464.5,-505.14516129032256
3450,-464.5,-505.1
3451,-464.5,-505.05493895671475
3452,-464.5,-505.009977827051
3453,-476.5,-504.9784053156146
3454,-464.5,-504.93362831858406
3455,-539.5,-504.9718232044199
3456,-464.5,-504.92715231788077
3457,-464.5,-504.88257993384786
3458,-464.5,-504.83810572687224
3459,-476.5,-504.8069306930693
3460,-464.5,-504.76263736263735
3461,-464.5,-504.718441273326
3462,-476.5,-504.6875
3463,-496.0,-504.6779846659365
3464,-464.5,-504.63402625820567
3465,-464.5,-504.59016393442624
3466,-464.5,-504.54639737991266
3467,-464.5,-504.50272628135224
3468,-719.5,-504.73692810457516
3469,-464.5,-504.6931447225245
3470,-577.0,-504.7717391304348
3471,-464.5,-504.72801302931595
3472,-464.5,-504.68438177874185
3473,-464.5,-504.64084507042253
3474,-476.5,-504.61038961038963
3475,-754.0,-504.88
3476,-502.0,-504.8768898488121
3477,-493.0,-504.86407766990294
3478,-566.5,-504.9304956896552
3479,-524.5,-504.951560818084
3480,-475.0,-504.9193548387097
3481,-685.0,-505.1127819548872
3482,-464.5,-505.0692060085837
3483,-539.5,-505.10610932475885
3484,-475.0,-505.07387580299786
3485,-464.5,-505.03048128342243
3486,-464.5,-504.9871794871795
3487,-646.0,-505.13767342582713
3488,-487.0,-505.11833688699363
3489,-464.5,-505.07507987220447
3490,-476.5,-505.04468085106384
3491,-464.5,-505.00159404888416
3492,-577.0,-505.078025477707
3493,-494.5,-505.0668080593849
3494,-464.5,-505.0238347457627
3495,-566.5,-505.0888888888889
3496,-464.5,-505.04598308668074
3497,-494.5,-505.0348468848997
3498,-464.5,-504.99208860759495
3499,-464.5,-504.9494204425711
3500,-464.5,-504.90684210526314
3501,-524.5,-504.9274447949527
3502,-565.0,-504.9905462184874
3503,-464.5,-504.9480587618048
3504,-464.5,-504.9056603773585
3505,-464.5,-504.8633507853403
3506,-464.5,-504.82112970711296
3507,-515.5,-504.8322884012539
3508,-607.0,-504.9389352818372
3509,-640.0,-505.0797705943691
3510,-496.0,-505.0703125
3511,-542.5,-505.1092611862643
3512,-476.5,-505.0795218295218
3513,-476.5,-505.0498442367601
3514,-476.5,-505.02022821576764
3515,-512.5,-505.0279792746114
3516,-509.5,-505.0326086956522
3517,-511.0,-505.0387797311272
3518,-710.5,-505.25103305785126
3519,-502.0,-505.24767801857587
3520,-677.5,-505.42525773195877
3521,-476.5,-505.3954685890834
3522,-521.5,-505.412037037037
3523,-464.5,-505.3699897225077
3524,-464.5,-505.3280287474333
3525,-638.5,-505.4646153846154
3526,-475.0,-505.43340163934425
3527,-515.5,-505.4437052200614
3528,-464.5,-505.40184049079755
3529,-475.0,-505.3707865168539
3530,-464.5,-505.3290816326531
3531,-464.5,-505.28746177370033
3532,-464.5,-505.2459266802444
3533,-547.0,-505.2884028484232
3534,-464.5,-505.2469512195122
3535,-532.0,-505.2741116751269
3536,-464.5,-505.23275862068965
3537,-464.5,-505.1914893617021
3538,-464.5,-505.15030364372467
3539,-464.5,-505.1092012133468
3540,-464.5,-505.0681818181818
3541,-520.0,-505.0832492431887
3542,-521.5,-505.09979838709677
3543,-578.5,-505.1737160120846
3544,-574.0,-505.24295774647885
3545,-520.0,-505.25778894472364
3546,-476.5,-505.2289156626506
3547,-464.5,-505.1880641925777
3548,-476.5,-505.15931863727457
3549,-464.5,-505.1186186186186
3550,-614.5,-505.228
3551,-464.5,-505.18731268731267
3552,-542.5,-505.2245508982036
3553,-464.5,-505.1839481555334
3554,-691.0,-505.36902390438246
3555,-542.5,-505.40597014925373
3556,-592.0,-505.4920477137177
3557,-476.5,-505.46325719960277
3558,-569.5,-505.5267857142857
3559,-464.5,-505.48612487611496
3560,-643.0,-505.62227722772275
3561,-464.5,-505.5816023738872
3562,-464.5,-505.5410079051383
3563,-524.5,-505.5597235932873
3564,-464.5,-505.5192307692308
3565,-608.5,-505.62068965517244
3566,-464.5,-505.58021653543307
3567,-464.5,-505.53982300884957
3568,-572.5,-505.6055992141454
3569,-464.5,-505.5652600588813
3570,-464.5,-505.525
3571,-569.5,-505.58765915768856
3572,-464.5,-505.54745596868884
3573,-464.5,-505.5073313782991
3574,-529.0,-505.5302734375
3575,-464.5,-505.49024390243903
3576,-536.5,-505.5204678362573
3577,-464.5,-505.4805258033106
3578,-464.5,-505.4406614785992
3579,-535.0,-505.46938775510205
3580,-529.0,-505.49223300970874
3581,-464.5,-505.4524733268671
3582,-824.5,-505.76162790697674
3583,-464.5,-505.7216844143272
3584,-464.5,-505.6818181818182
3585,-464.5,-505.64202898550724
3586,-464.5,-505.6023166023166
3587,-524.5,-505.6205400192864
3588,-626.5,-505.7369942196532
3589,-524.5,-505.7550529355149
3590,-500.5,-505.75
3591,-464.5,-505.71037463976944
3592,-464.5,-505.6708253358925
3593,-587.5,-505.7492809204219
3594,-476.5,-505.7212643678161
3595,-475.0,-505.69186602870815
3596,-464.5,-505.65248565965584
3597,-464.5,-505.6131805157593
3598,-503.5,-505.6111641221374
3599,-464.5,-505.5719733079123
3600,-464.5,-505.53285714285715
3601,-476.5,-505.5052331113225
3602,-464.5,-505.46625475285174
3603,-614.5,-505.5698005698006
3604,-464.5,-505.530834914611
3605,-464.5,-505.4919431279621
3606,-464.5,-505.453125
3607,-464.5,-505.4143803216651
3608,-502.0,-505.4111531190926
3609,-464.5,-505.3725212464589
3610,-464.5,-505.33396226415095
3611,-751.0,-505.5655042412818
3612,-464.5,-505.5268361581921
3613,-464.5,-505.48824082784574
3614,-652.0,-505.62593984962405
3615,-475.0,-505.59718309859153
3616,-464.5,-505.5586303939962
3617,-565.0,-505.6143392689784
3618,-494.5,-505.60393258426967
3619,-464.5,-505.56548175865294
3620,-464.5,-505.52710280373833
3621,-475.0,-505.4985994397759
3622,-464.5,-505.46035447761193
3623,-464.5,-505.42218080149115
3624,-464.5,-505.3840782122905
3625,-464.5,-505.3460465116279
3626,-700.0,-505.5269516728625
3627,-464.5,-505.48885793871864
3628,-569.5,-505.5482374768089
3629,-464.5,-505.51019462465246
3630,-464.5,-505.47222222222223
3631,-464.5,-505.43432007400554
3632,-475.0,-505.4061922365989
3633,-545.5,-505.4432132963989
3634,-464.5,-505.40544280442805
3635,-464.5,-505.3677419354839
3636,-529.0,-505.38950276243094
3637,-464.5,-505.351885924563
3638,-464.5,-505.31433823529414
3639,-464.5,-505.27685950413223
3640,-638.5,-505.39908256880733
3641,-476.5,-505.3725939505041
3642,-496.0,-505.364010989011
3643,-569.5,-505.4226898444648
3644,-464.5,-505.38528336380256
3645,-464.5,-505.34794520547945
3646,-710.5,-505.5351277372263
3647,-520.0,-505.5483135824977
3648,-524.5,-505.5655737704918
3649,-464.5,-505.52820746132846
3650,-464.5,-505.4909090909091
3651,-464.5,-505.45367847411444
3652,-554.5,-505.49818511796735
3653,-878.5,-505.836355394379
3654,-563.5,-505.88858695652175
3655,-464.5,-505.85113122171947
3656,-464.5,-505.8137432188065
3657,-464.5,-505.7764227642276
3658,-464.5,-505.73916967509024
3659,-476.5,-505.7128043282236
3660,-464.5,-505.6756756756757
3661,-464.5,-505.63861386138615
3662,-464.5,-505.60161870503595
3663,-464.5,-505.56469002695417
3664,-464.5,-505.5278276481149
3665,-464.5,-505.49103139013454
3666,-464.5,-505.4543010752688
3667,-820.0,-505.73589973142344
3668,-557.5,-505.78220035778173
3669,-464.5,-505.74530831099196
3670,-464.5,-505.7084821428571
3671,-464.5,-505.67172167707406
3672,-464.5,-505.6350267379679
3673,-604.0,-505.7226179875334
3674,-475.0,-505.6952846975089
3675,-464.5,-505.65866666666665
3676,-475.0,-505.63143872113676
3677,-524.5,-505.64818101153503
3678,-601.0,-505.73271276595744
3679,-476.5,-505.7068201948627
3680,-464.5,-505.67035398230087
3681,-595.0,-505.7493368700265
3682,-464.5,-505.71289752650176
3683,-464.5,-505.6765225066196
3684,-541.0,-505.70767195767195
3685,-493.0,-505.69647577092513
3686,-524.5,-505.7130281690141
3687,-514.0,-505.7203166226913
3688,-464.5,-505.6840949033392
3689,-464.5,-505.64793678665495
3690,-500.5,-505.6434210526316
3691,-464.5,-505.60736196319016
3692,-464.5,-505.5713660245184
3693,-464.5,-505.53543307086613
3694,-464.5,-505.49956293706293
3695,-475.0,-505.47292576419215
3696,-464.5,-505.4371727748691
3697,-464.5,-505.4014821272886
3698,-515.5,-505.4102787456446
3699,-464.5,-505.3746736292428
3700,-464.5,-505.3391304347826
3701,-464.5,-505.3036490008688
3702,-502.0,-505.30078125
3703,-464.5,-505.2653946227233
3704,-464.5,-505.2300693240901
3705,-611.5,-505.32207792207794
3706,-464.5,-505.2867647058824
3707,-542.5,-505.3189282627485
3708,-464.5,-505.28367875647666
3709,-523.0,-505.29896462467644
3710,-578.5,-505.36206896551727
3711,-464.5,-505.3268733850129
3712,-562.0,-505.37564543889846
3713,-464.5,-505.34049871023217
3714,-644.5,-505.46005154639175
3715,-523.0,-505.47510729613737
3716,-464.5,-505.43996569468266
3717,-569.5,-505.4948586118252
3718,-590.5,-505.56763698630135
3719,-464.5,-505.53250641573993
3720,-464.5,-505.4974358974359
3721,-500.5,-505.4931682322801
3722,-464.5,-505.45819112627987
3723,-464.5,-505.42327365728903
3724,-464.5,-505.38841567291314
3725,-464.5,-505.3536170212766
3726,-571.0,-505.4094387755102
3727,-542.5,-505.4409515717927
3728,-464.5,-505.4061969439728
3729,-464.5,-505.37150127226465
3730,-464.5,-505.3368644067797
3731,-464.5,-505.30228619813715
3732,-479.5,-505.2804568527919
3733,-569.5,-505.334742180896
3734,-464.5,-505.3002533783784
3735,-464.5,-505.26582278481015
3736,-662.5,-505.3983979763912
3737,-464.5,-505.36394271272115
3738,-464.5,-505.32954545454544
3739,-623.5,-505.4289318755257
3740,-788.5,-505.6668067226891
3741,-464.5,-505.63224181360204
3742,-464.5,-505.5977348993289
3743,-581.5,-505.661357921207
3744,-476.5,-505.63693467336685
3745,-464.5,-505.60251046025104
3746,-827.5,-505.8716555183947
3747,-464.5,-505.83709273182956
3748,-848.5,-506.12312186978295
3749,-496.0,-506.11467889908255
3750,-464.5,-506.08
3751,-526.0,-506.09658617818485
3752,-551.5,-506.13435940099833
3753,-475.0,-506.1084788029925
3754,-464.5,-506.0739202657807
3755,-464.5,-506.03941908713693
3756,-464.5,-506.0049751243781
3757,-475.0,-505.97928748964375
3758,-500.5,-505.9747516556291
3759,-617.5,-506.06699751861044
3760,-475.0,-506.0413223140496
3761,-577.0,-506.09991742361683
3762,-524.5,-506.115099009901
3763,-529.0,-506.13396537510306
3764,-493.0,-506.12314662273474
3765,-581.5,-506.18518518518516
3766,-487.0,-506.1694078947368
3767,-613.0,-506.2571898110107
3768,-475.0,-506.23152709359607
3769,-517.0,-506.24036095159965
3770,-539.5,-506.26762295081966
3771,-464.5,-506.23341523341526
3772,-602.5,-506.3121931260229
3773,-551.5,-506.34914145543746
3774,-536.5,-506.3737745098039
3775,-551.5,-506.41061224489795
3776,-464.5,-506.376427406199
3777,-535.0,-506.3997555012225
3778,-491.5,-506.3876221498371
3779,-464.5,-506.353539462978
3780,-500.5,-506.3487804878049
3781,-526.0,-506.3647441104793
3782,-589.0,-506.4318181818182
3783,-464.5,-506.3978102189781
3784,-464.5,-506.36385737439224
3785,-508.0,-506.3651821862348
3786,-479.5,-506.34344660194176
3787,-548.5,-506.3775262732417
3788,-464.5,-506.34369951534734
3789,-502.0,-506.3401937046005
3790,-580.0,-506.3995967741935
3791,-476.5,-506.37550362610796
3792,-464.5,-506.34178743961354
3793,-496.0,-506.3334674175382
3794,-464.5,-506.2998392282958
3795,-464.5,-506.266265060241
3796,-464.5,-506.2327447833066
3797,-521.5,-506.24498797113074
3798,-464.5,-506.21153846153845
3799,-464.5,-506.1781425140112
3800,-464.5,-506.1448
3801,-464.5,-506.1115107913669
3802,-689.5,-506.25798722044726
3803,-493.0,-506.2474062250599
3804,-464.5,-506.21411483253587
3805,-464.5,-506.1808764940239
3806,-464.5,-506.14769108280257
3807,-643.0,-506.2565632458234
3808,-571.0,-506.30802861685214
3809,-493.0,-506.2974583002383
3810,-529.0,-506.3154761904762
3811,-464.5,-506.2823156225218
3812,-464.5,-506.2492076069731
3813,-464.5,-506.2161520190024
3814,-487.0,-506.2009493670886
3815,-464.5,-506.1679841897233
3816,-464.5,-506.1350710900474
3817,-476.5,-506.11168113654304
3818,-464.5,-506.0788643533123
3819,-464.5,-506.04609929078015
3820,-464.5,-506.01338582677164
3821,-464.5,-505.9807238394965
3822,-464.5,-505.9481132075472
3823,-476.5,-505.9249803613511
3824,-476.5,-505.90188383045523
3825,-479.5,-505.88117647058823
3826,-518.5,-505.891065830721
3827,-496.0,-505.88332028191076
3828,-464.5,-505.85093896713613
3829,-475.0,-505.8268178264269
3830,-602.5,-505.90234375
3831,-476.5,-505.87939110070255
3832,-542.5,-505.90795631825273
3833,-548.5,-505.9411535463757
3834,-602.5,-506.01635514018693
3835,-521.5,-506.0284046692607
3836,-499.0,-506.0229393468118
3837,-562.0,-506.06643356643355
3838,-464.5,-506.03416149068323
3839,-464.5,-506.00193948797516
3840,-464.5,-505.9697674418605
3841,-464.5,-505.93764523625094
3842,-464.5,-505.90557275541795
3843,-475.0,-505.8816705336427
3844,-476.5,-505.85896445131374
3845,-542.5,-505.8872586872587
3846,-626.5,-505.9803240740741
3847,-574.0,-506.032767925983
3848,-475.0,-506.0088597842835
3849,-583.0,-506.06812933025407
3850,-502.0,-506.065
3851,-476.5,-506.0422751729439
3852,-476.5,-506.0195852534562
3853,-565.0,-506.0648503453569
3854,-536.5,-506.0881901840491
3855,-464.5,-506.05632183908045
3856,-562.0,-506.09915773353754
3857,-464.5,-506.06732976281563
3858,-464.5,-506.0355504587156
3859,-464.5,-506.00381970970204
3860,-464.5,-505.97213740458017
3861,-476.5,-505.9496567505721
3862,-658.0,-506.0655487804878
3863,-557.5,-506.1047220106626
3864,-464.5,-506.0730593607306
3865,-680.5,-506.2057034220532
3866,-464.5,-506.1740121580547
3867,-464.5,-506.1423690205011
3868,-508.0,-506.1437784522003
3869,-464.5,-506.11220621683094
3870,-520.0,-506.1227272727273
3871,-544.0,-506.15140045420134
3872,-464.5,-506.1198940998487
3873,-475.0,-506.09637188208615
3874,-476.5,-506.07401812688823
3875,-464.5,-506.04264150943396
3876,-464.5,-506.0113122171946
3877,-464.5,-505.9800301431801
3878,-464.5,-505.94879518072287
3879,-476.5,-505.9266365688488
3880,-475.0,-505.9033834586466
3881,-464.5,-505.87227648384675
3882,-613.0,-505.9527027027027
3883,-464.5,-505.92160540135035
3884,-604.0,-505.99512743628185
3885,-496.0,-505.9876404494382
3886,-464.5,-505.9565868263473
3887,-464.5,-505.92557965594614
3888,-502.0,-505.9226457399103
3889,-464.5,-505.8917102315161
3890,-464.5,-505.8608208955224
3891,-512.5,-505.86577181208054
3892,-464.5,-505.8349478390462
3893,-764.5,-506.02755026061055
3894,-464.5,-505.9966517857143
3895,-464.5,-505.9657992565056
3896,-464.5,-505.9349925705795
3897,-464.5,-505.90423162583517
3898,-512.5,-505.9091246290801
3899,-577.0,-505.96182357301706
3900,-464.5,-505.93111111111114
3901,-464.5,-505.90044411547
3902,-464.5,-505.8698224852071
3903,-796.0,-506.0842572062084
3904,-577.0,-506.13663220088625
3905,-464.5,-506.1059040590406
3906,-464.5,-506.07522123893807
3907,-464.5,-506.0445836403832
3908,-521.5,-506.0559646539028
3909,-464.5,-506.0253863134658
3910,-464.5,-505.9948529411765
3911,-464.5,-505.9643644379133
3912,-464.5,-505.93392070484583
3913,-776.5,-506.13242846661774
3914,-464.5,-506.1019061583578
3915,-464.5,-506.07142857142856
3916,-538.0,-506.09480234260616
3917,-464.5,-506.06437454279444
3918,-464.5,-506.0339912280702
3919,-569.5,-506.0803506208912
3920,-464.5,-506.05
3921,-520.0,-506.0601750547046
3922,-464.5,-506.0298833819242
3923,-773.5,-506.22469045884924
3924,-464.5,-506.1943231441048
3925,-602.5,-506.2643636363636
3926,-529.0,-506.28088662790697
3927,-464.5,-506.2505446623094
3928,-499.0,-506.24528301886795
3929,-592.0,-506.30746918056565
3930,-538.0,-506.3304347826087
3931,-521.5,-506.3414192614048
3932,-464.5,-506.31114327062227
3933,-464.5,-506.28091106290674
3934,-535.0,-506.30166184971097
3935,-464.5,-506.27148014440434
3936,-464.5,-506.241341991342
3937,-569.5,-506.28695025234316
3938,-608.5,-506.36059077809796
3939,-464.5,-506.3304535637149
3940,-551.5,-506.36294964028775
3941,-464.5,-506.332854061826
3942,-464.5,-506.3028017241379
3943,-475.0,-506.2803302225413
3944,-464.5,-506.2503586800574
3945,-464.5,-506.2204301075269
3946,-464.5,-506.19054441260744
3947,-475.0,-506.16821760916247
3948,-643.0,-506.26609442060084
3949,-464.5,-506.2362401715511
3950,-464.5,-506.20642857142855
3951,-521.5,-506.21734475374734
3952,-538.0,-506.2400142653352
3953,-464.5,-506.21026372059873
3954,-625.0,-506.29487179487177
3955,-464.5,-506.2651245551601
3956,-464.5,-506.23541963015646
3957,-464.5,-506.2057569296375
3958,-464.5,-506.1761363636364
3959,-464.5,-506.14655784244144
3960,-587.5,-506.20425531914896
3961,-464.5,-506.17469879518075
3962,-542.5,-506.2004249291785
3963,-464.5,-506.17091295116774
3964,-464.5,-506.1414427157001
3965,-475.0,-506.1194346289753
3966,-647.5,-506.21927966101697
3967,-500.5,-506.2152434721242
3968,-475.0,-506.1932299012694
3969,-529.0,-506.2093023255814
3970,-514.0,-506.21478873239437
3971,-518.5,-506.22343420126674
3972,-502.0,-506.2204641350211
3973,-464.5,-506.19114546732254
3974,-502.0,-506.188202247191
3975,-620.5,-506.2684210526316
3976,-464.5,-506.2391304347826
3977,-464.5,-506.20988086895585
3978,-464.5,-506.1806722689076
3979,-464.5,-506.1515045486354
3980,-464.5,-506.1223776223776
3981,-464.5,-506.09329140461216
3982,-475.0,-506.0715782122905
3983,-464.5,-506.04256803907884
3984,-692.5,-506.1725941422594
3985,-565.0,-506.21358885017423
3986,-475.0,-506.191852367688
3987,-464.5,-506.16283924843424
3988,-464.5,-506.13386648122395
3989,-580.0,-506.1851980542043
3990,-464.5,-506.15625
3991,-536.5,-506.177307425399
3992,-644.5,-506.2732316227462
3993,-464.5,-506.24428274428277
3994,-464.5,-506.21537396121886
3995,-464.5,-506.18650519031144
3996,-502.0,-506.1836099585062
3997,-464.5,-506.154803040774
3998,-464.5,-506.12603591160223
3999,-475.0,-506.1045548654244
4000,-475.0,-506.08310344827584
4001,-464.5,-506.05444521019984
4002,-643.0,-506.1487603305785
4003,-464.5,-506.1200963523744
4004,-464.5,-506.0914718019257
4005,-464.5,-506.06288659793813
4006,-464.5,-506.03434065934067
4007,-622.0,-506.11393273850376
4008,-536.5,-506.1347736625514
4009,-502.0,-506.1319396847156
4010,-464.5,-506.1034246575342
4011,-464.5,-506.07494866529777
4012,-464.5,-506.04651162790697
4013,-464.5,-506.01811346548186
4014,-572.5,-506.0635245901639
4015,-476.5,-506.0433447098976
4016,-464.5,-506.0150068212824
4017,-476.5,-505.9948875255624
4018,-479.5,-505.9768392370572
4019,-464.5,-505.94860449285227
4020,-502.0,-505.94591836734696
4021,-574.0,-505.9921821889871
4022,-532.0,-506.00985054347825
4023,-464.5,-505.9816700610998
4024,-464.5,-505.95352781546814
4025,-538.0,-505.97525423728814
4026,-464.5,-505.9471544715447
4027,-715.0,-506.0886932972241
4028,-464.5,-506.06055480378893
4029,-464.5,-506.03245436105476
4030,-464.5,-506.0043918918919
4031,-464.5,-505.9763673193788
4032,-464.5,-505.94838056680163
4033,-464.5,-505.9204315576534
4034,-464.5,-505.8925202156334
4035,-487.0,-505.87979797979796
4036,-464.5,-505.85195154777927
4037,-572.5,-505.89677202420984
4038,-476.5,-505.87701612903226
4039,-464.5,-505.8492276695769
4040,-515.5,-505.8557046979866
4041,-464.5,-505.82796780684106
4042,-464.5,-505.80026809651474
4043,-464.5,-505.7726054922974
4044,-713.5,-505.9116465863454
4045,-464.5,-505.8839464882943
4046,-464.5,-505.8562834224599
4047,-529.0,-505.87174348697397
4048,-464.5,-505.84412550066753
4049,-464.5,-505.8165443629086
4050,-464.5,-505.789
4051,-464.5,-505.76149233844103
4052,-952.0,-506.05858854860185
4053,-464.5,-506.0309381237525
4054,-464.5,-506.0033244680851
4055,-464.5,-505.97574750830563
4056,-464.5,-505.9482071713147
4057,-496.0,-505.94160583941607
4058,-517.0,-505.94893899204243
4059,-548.5,-505.97713717693836
4060,-524.5,-505.9894039735099
4061,-494.5,-505.98180013236265
4062,-563.5,-506.01984126984127
4063,-502.0,-506.0171844018506
4064,-464.5,-505.98976221928666
4065,-464.5,-505.96237623762374
4066,-487.0,-505.94986807387863
4067,-464.5,-505.9225444957152
4068,-464.5,-505.89525691699606
4069,-464.5,-505.8680052666228
4070,-464.5,-505.8407894736842
4071,-521.5,-505.8510848126233
4072,-464.5,-505.8239159001314
4073,-464.5,-505.7967826657912
4074,-475.0,-505.77657480314963
4075,-464.5,-505.7495081967213
4076,-592.0,-505.80602883355175
4077,-464.5,-505.77897838899804
4078,-464.5,-505.75196335078533
4079,-493.0,-505.74362328319165
4080,-500.5,-505.7401960784314
4081,-508.0,-505.7416721097322
4082,-464.5,-505.71475195822455
4083,-464.5,-505.68786692759295
4084,-487.0,-505.6756844850065
4085,-464.5,-505.6488599348534
4086,-575.5,-505.6943359375
4087,-464.5,-505.66753415744955
4088,-464.5,-505.64076723016905
4089,-529.0,-505.6559454191033
4090,-464.5,-505.62922077922076
4091,-464.5,-505.60253082414016
4092,-464.5,-505.57587548638134
4093,-464.5,-505.549254698639
4094,-464.5,-505.5226683937824
4095,-464.5,-505.49611650485434
4096,-464.5,-505.46959896507116
4097,-464.5,-505.44311570782156
4098,-464.5,-505.4166666666667
4099,-464.5,-505.3902517753389
4100,-464.5,-505.36387096774195
4101,-697.0,-505.48742746615085
4102,-464.5,-505.46101804123714
4103,-476.5,-505.44236960721184
4104,-521.5,-505.4527027027027
4105,-464.5,-505.42636655948553
4106,-520.0,-505.4357326478149
4107,-520.0,-505.4450867052023
4108,-464.5,-505.4188061617458
4109,-464.5,-505.3925593329057
4110,-578.5,-505.43942307692305
4111,-464.5,-505.4131966688021
4112,-464.5,-505.3870038412292
4113,-464.5,-505.36084452975047
4114,-517.0,-505.3682864450128
4115,-464.5,-505.34217252396166
4116,-475.0,-505.3227969348659
4117,-464.5,-505.2967453733248
4118,-517.0,-505.3042091836735
4119,-476.5,-505.2858508604206
4120,-838.0,-505.4977707006369
4121,-476.5,-505.47931253978356
4122,-464.5,-505.45324427480915
4123,-520.0,-505.46249205340115
4124,-475.0,-505.4431385006353
4125,-464.5,-505.41714285714284
4126,-638.5,-505.50158629441626
4127,-464.5,-505.47558655675334
4128,-464.5,-505.4496197718631
4129,-464.5,-505.4236858771374
4130,-464.5,-505.3977848101266
4131,-464.5,-505.3719165085389
4132,-475.0,-505.35271807838177
4133,-476.5,-505.33449147188884
4134,-464.5,-505.3087121212121
4135,-476.5,-505.29053627760254
4136,-547.0,-505.3168348045397
4137,-476.5,-505.29867674858224
4138,-476.5,-505.2805415617128
4139,-529.0,-505.2954688483323
4140,-476.5,-505.27735849056603
4141,-476.5,-505.25927089880577
4142,-464.5,-505.23366834170855
4143,-608.5,-505.2984934086629
4144,-517.0,-505.30583437892096
4145,-544.0,-505.33009404388713
4146,-464.5,-505.3045112781955
4147,-464.5,-505.2789605510332
4148,-464.5,-505.25344180225284
4149,-464.5,-505.2279549718574
4150,-464.5,-505.2025
4151,-464.5,-505.1770768269831
4152,-584.5,-505.22659176029964
4153,-565.0,-505.26388022457894
4154,-464.5,-505.23846633416457
4155,-464.5,-505.21308411214955
4156,-464.5,-505.1877334993773
4157,-464.5,-505.16241443683884
4158,-541.0,-505.18470149253733
4159,-464.5,-505.1594157862026
4160,-578.5,-505.2049689440994
4161,-464.5,-505.17970204841714
4162,-464.5,-505.1544665012407
4163,-464.5,-505.12926224426536
4164,-464.5,-505.10408921933083
4165,-464.5,-505.07894736842104
4166,-599.5,-505.13737623762376
4167,-464.5,-505.11224489795916
4168,-475.0,-505.09363411619285
4169,-476.5,-505.0759728227301
4170,-464.5,-505.0509259259259
4171,-464.5,-505.0259099321407
4172,-464.5,-505.00092478421703
4173,-464.5,-504.97597042513866
4174,-1015.0,-505.2900246305419
4175,-464.5,-505.2649230769231
4176,-464.5,-505.23985239852396
4177,-464.5,-505.21481253841426
4178,-464.5,-505.1898034398034
4179,-499.0,-505.18600368324127
4180,-464.5,-505.16104294478527
4181,-464.5,-505.1361128142244
4182,-479.5,-505.1204044117647
4183,-464.5,-505.09552969993877
4184,-512.5,-505.1000611995104
4185,-464.5,-505.07522935779815
4186,-464.5,-505.0504278728606
4187,-464.5,-505.0256566890654
4188,-496.0,-505.0201465201465
4189,-580.0,-505.0658938377059
4190,-580.0,-505.11158536585367
4191,-602.5,-505.1709323583181
4192,-464.5,-505.1461632155907
4193,-506.5,-505.1469872185027
4194,-512.5,-505.1514598540146
4195,-464.5,-505.12674772036473
4196,-487.0,-505.11573511543133
4197,-464.5,-505.09107468123864
4198,-464.5,-505.0664441747573
4199,-464.5,-505.04184354154035
4200,-475.0,-505.02363636363634
4201,-464.5,-504.9990914597214
4202,-524.5,-505.01089588377727
4203,-464.5,-504.986388384755
4204,-475.0,-504.9682587666264
4205,-464.5,-504.9438066465257
4206,-580.0,-504.9891304347826
4207,-475.0,-504.971031985516
4208,-464.5,-504.9466224366707
4209,-464.5,-504.9222423146474
4210,-476.5,-504.9051204819277
4211,-562.0,-504.9394942805539
4212,-518.5,-504.9476534296029
4213,-464.5,-504.9233313289236
4214,-464.5,-504.89903846153845
4215,-464.5,-504.8747747747748
4216,-464.5,-504.8505402160864
4217,-464.5,-504.8263347330534
4218,-569.5,-504.8651079136691
4219,-502.0,-504.86339125224686
4220,-632.5,-504.93982035928144
4221,-464.5,-504.91561938958705
4222,-464.5,-504.89144736842104
4223,-475.0,-504.8735803945009
4224,-464.5,-504.8494623655914
4225,-512.5,-504.85402985074626
4226,-464.5,-504.8299522673031
4227,-517.0,-504.83720930232556
4228,-508.0,-504.83909415971397
4229,-464.5,-504.8150684931507
4230,-580.0,-504.8598214285714
4231,-464.5,-504.83581201665675
4232,-574.0,-504.8769322235434
4233,-464.5,-504.8529411764706
4234,-464.5,-504.8289786223278
4235,-595.0,-504.8824925816024
4236,-608.5,-504.94395017793596
4237,-580.0,-504.9884410195614
4238,-464.5,-504.96445497630333
4239,-464.5,-504.9404973357016
4240,-542.5,-504.9627218934911
4241,-464.5,-504.9387936132466
4242,-479.5,-504.9237588652482
4243,-476.5,-504.9069698759598
4244,-464.5,-504.8831168831169
4245,-464.5,-504.85929203539825
4246,-487.0,-504.8487617924528
4247,-476.5,-504.8320565704184
4248,-464.5,-504.8083038869258
4249,-517.0,-504.8154796939376
4250,-500.5,-504.8129411764706
4251,-464.5,-504.78924162257493
4252,-464.5,-504.76556991774385
4253,-464.5,-504.7419260129184
4254,-464.5,-504.71830985915494
4255,-475.0,-504.7008797653959
4256,-751.0,-504.84525205158263
4257,-490.0,-504.8365553602812
4258,-464.5,-504.81293911007026
4259,-464.5,-504.78935049736685
4260,-475.0,-504.7719298245614
4261,-464.5,-504.74839275277617
4262,-512.5,-504.75292056074767
4263,-464.5,-504.7294220665499
4264,-464.5,-504.70595099183197
4265,-464.5,-504.6825072886297
4266,-464.5,-504.65909090909093
4267,-464.5,-504.63570180547464
4268,-464.5,-504.61233993015134
4269,-557.5,-504.6431064572426
4270,-464.5,-504.61976744186046
4271,-587.5,-504.66792562463684
4272,-464.5,-504.64459930313586
4273,-524.5,-504.6561230412072
4274,-464.5,-504.63283062645013
4275,-487.0,-504.62260869565216
4276,-464.5,-504.59936268829665
4277,-583.0,-504.6447596988998
4278,-464.5,-504.62152777777777
4279,-475.0,-504.6043956043956
4280,-557.5,-504.6349710982659
4281,-464.5,-504.6117850953206
4282,-464.5,-504.5886258660508
4283,-464.5,-504.5654933641085
4284,-464.5,-504.5423875432526
4285,-475.0,-504.52536023054756
4286,-643.0,-504.6051267281106
4287,-502.0,-504.60362694300517
4288,-554.5,-504.632336018412
4289,-475.0,-504.61529614721104
4290,-734.5,-504.7474137931035
4291,-575.5,-504.78805284319355
4292,-464.5,-504.7649253731343
4293,-517.0,-504.77194492254733
4294,-488.5,-504.76261467889907
4295,-464.5,-504.73954154727795
4296,-464.5,-504.71649484536084
4297,-464.5,-504.69347452776185
4298,-464.5,-504.6704805491991
4299,-475.0,-504.6535162950257
4300,-592.0,-504.70342857142856
4301,-464.5,-504.6804683038264
4302,-464.5,-504.6575342465753
4303,-464.5,-504.6346263548203
4304,-512.5,-504.6391106043329
4305,-479.5,-504.6247863247863
4306,-464.5,-504.6019362186788
4307,-464.5,-504.5791121229368
4308,-490.0,-504.570819112628
4309,-521.5,-504.5804434337692
4310,-464.5,-504.5576704545455
4311,-464.5,-504.5349233390119
4312,-464.5,-504.5122020431328
4313,-464.5,-504.4895065229722
4314,-464.5,-504.46683673469386
4315,-568.0,-504.5028328611898
4316,-464.5,-504.480181200453
4317,-464.5,-504.45755517826825
4318,-464.5,-504.4349547511312
4319,-521.5,-504.44460146975695
4320,-464.5,-504.4220338983051
4321,-488.5,-504.4130434782609
4322,-502.0,-504.41168171557564
4323,-464.5,-504.3891708967851
4324,-464.5,-504.3666854565953
4325,-464.5,-504.3442253521127
4326,-464.5,-504.3217905405405
4327,-464.5,-504.2993809791784
4328,-464.5,-504.2769966254218
4329,-464.5,-504.2546374367622
4330,-464.5,-504.2323033707865
4331,-464.5,-504.20999438517686
4332,-464.5,-504.18771043771045
4333,-464.5,-504.1654514862591
4334,-464.5,-504.1432174887892
4335,-464.5,-504.1210084033614
4336,-475.0,-504.1047032474804
4337,-464.5,-504.08254057078904
4338,-538.0,-504.1015100671141
4339,-464.5,-504.07937395192846
4340,-653.5,-504.1628491620112
4341,-602.5,-504.2177554438861
4342,-464.5,-504.19559151785717
4343,-464.5,-504.1734523145566
4344,-476.5,-504.15802675585286
4345,-491.5,-504.1509749303621
4346,-638.5,-504.2257795100223
4347,-464.5,-504.20367278797994
4348,-569.5,-504.2399888765295
4349,-476.5,-504.22456920511394
4350,-496.0,-504.22
4351,-502.0,-504.2187673514714
4352,-464.5,-504.19672586015537
4353,-464.5,-504.1747088186356
4354,-464.5,-504.15271618625275
4355,-475.0,-504.1365650969529
4356,-464.5,-504.1146179401993
4357,-661.0,-504.2014388489209
4358,-464.5,-504.17948008849555
4359,-475.0,-504.16334991708123
4360,-661.0,-504.25
4361,-464.5,-504.22805080066263
4362,-589.0,-504.2748344370861
4363,-464.5,-504.25289575289577
4364,-580.0,-504.2946527012128
4365,-464.5,-504.27272727272725
4366,-464.5,-504.2508259911894
4367,-514.0,-504.25619152449093
4368,-464.5,-504.2343234323432
4369,-629.5,-504.30318856514566
4370,-464.5,-504.2813186813187
4371,-490.0,-504.27347611202634
4372,-464.5,-504.25164654226126
4373,-464.5,-504.22984092155787
4374,-464.5,-504.2080592105263
4375,-464.5,-504.18630136986303
4376,-562.0,-504.21796276013146
4377,-529.0,-504.23152709359607
4378,-464.5,-504.2097921225383
4379,-476.5,-504.1946418808092
4380,-493.0,-504.1885245901639
4381,-499.0,-504.1856908793009
4382,-529.0,-504.19923580786025
4383,-527.5,-504.21194762684127
4384,-499.0,-504.2091057797165
4385,-641.5,-504.2839237057221
4386,-464.5,-504.2622549019608
4387,-464.5,-504.2406096897115
4388,-605.5,-504.2957018498368
4389,-464.5,-504.2740619902121
4390,-545.5,-504.29646739130436
4391,-698.5,-504.4019554589897
4392,-524.5,-504.4128664495114
4393,-464.5,-504.3912099837222
4394,-464.5,-504.3695770065076
4395,-464.5,-504.3479674796748
4396,-464.5,-504.3263813651138
4397,-569.5,-504.3616675690309
4398,-646.0,-504.43831168831167
4399,-464.5,-504.4167117360736
4400,-479.5,-504.40324324324325
4401,-464.5,-504.38168557536466
4402,-464.5,-504.360151187905
4403,-464.5,-504.33864004317326
4404,-515.5,-504.34466019417476
4405,-464.5,-504.3231805929919
4406,-521.5,-504.33243534482756
4407,-488.5,-504.3239095315024
4408,-601.0,-504.3759418729817
4409,-464.5,-504.354491662184
4410,-997.0,-504.6193548387097
4411,-464.5,-504.59779688339603
4412,-464.5,-504.5762620837809
4413,-464.5,-504.5547504025765
4414,-464.5,-504.5332618025751
4415,-536.5,-504.55040214477214
4416,-464.5,-504.5289389067524
4417,-464.5,-504.5074986609534
4418,-499.0,-504.50455032119913
4419,-464.5,-504.4831460674157
4420,-464.5,-504.46176470588233
4421,-464.5,-504.4404061998931
4422,-464.5,-504.4190705128205
4423,-686.5,-504.51628403630536
4424,-464.5,-504.49493062966917
4425,-599.5,-504.5456
4426,-464.5,-504.52425373134326
4427,-520.0,-504.5324986680874
4428,-634.0,-504.6014376996805
4429,-464.5,-504.580095795636
4430,-476.5,-504.5651595744681
4431,-529.0,-504.57814992025516
4432,-464.5,-504.55685441020194
4433,-559.0,-504.5857673924588
4434,-575.5,-504.6234076433121
4435,-464.5,-504.60212201591514
4436,-487.0,-504.59278897136795
4437,-464.5,-504.5715421303657
4438,-464.5,-504.55031779661016
4439,-575.5,-504.58787718369507
4440,-464.5,-504.56666666666666
4441,-464.5,-504.54547858276044
4442,-560.5,-504.57505285412265
4443,-464.5,-504.553882725832
4444,-464.5,-504.5327349524815
4445,-740.5,-504.6572559366755
4446,-845.5,-504.8370253164557
4447,-464.5,-504.81576172904585
4448,-502.0,-504.81427818756583
4449,-580.0,-504.8538704581359
4450,-539.5,-504.8721052631579
4451,-464.5,-504.85086796422934
4452,-475.0,-504.8351735015773
4453,-464.5,-504.8139779295849
4454,-464.5,-504.79280462184875
4455,-568.0,-504.8259842519685
4456,-464.5,-504.80482686253936
4457,-464.5,-504.7836916622968
4458,-502.0,-504.78223270440253
4459,-464.5,-504.76113148245156
4460,-464.5,-504.74005235602095
4461,-464.5,-504.71899529042383
4462,-512.5,-504.7230648535565
4463,-464.5,-504.7020386826973
4464,-464.5,-504.6810344827586
4465,-775.0,-504.82219321148824
4466,-464.5,-504.8011482254697
4467,-586.0,-504.84350547730827
4468,-464.5,-504.82247132429615
4469,-464.5,-504.80145909327774
4470,-518.5,-504.80859375
4471,-499.0,-504.80557001561687
4472,-520.0,-504.81347554630594
4473,-631.0,-504.87909516380654
4474,-521.5,-504.8877338877339
4475,-464.5,-504.86675324675326
4476,-464.5,-504.8457943925234
4477,-464.5,-504.8248572911261
4478,-464.5,-504.8039419087137
4479,-464.5,-504.78304821150857
4480,-464.5,-504.7621761658031
4481,-464.5,-504.7413257379596
4482,-475.0,-504.72593167701865
4483,-464.5,-504.70512157268496
4484,-464.5,-504.6843329886246
4485,-464.5,-504.66356589147284
4486,-503.5,-504.6629648760331
4487,-464.5,-504.6422302529685
4488,-596.5,-504.6896284829721
4489,-529.0,-504.70216606498195
4490,-635.5,-504.76958762886596
4491,-476.5,-504.7550231839258
4492,-464.5,-504.7342945417096
4493,-464.5,-504.7135872362326
4494,-607.0,-504.7662037037037
4495,-464.5,-504.745501285347
4496,-464.5,-504.72482014388487
4497,-524.5,-504.7349768875193
4498,-490.0,-504.72741273100615
4499,-464.5,-504.7067727039507
4500,-580.0,-504.74538461538464
4501,-464.5,-504.7247565351102
4502,-464.5,-504.7041495901639
4503,-554.5,-504.72964669738866
4504,-475.0,-504.71443193449335
4505,-464.5,-504.69386189258313
4506,-805.0,-504.8473926380368
4507,-464.5,-504.82677567705673
4508,-464.5,-504.8061797752809
4509,-569.5,-504.83920367534455
4510,-464.5,-504.81862244897957
4511,-464.5,-504.7980622131565
4512,-464.5,-504.7775229357798
4513,-521.5,-504.78604177279675
4514,-464.5,-504.76552953156823
4515,-464.5,-504.74503816793896
4516,-475.0,-504.7299084435402
4517,-524.5,-504.7399593289273
4518,-464.5,-504.719512195122
4519,-464.5,-504.69908583037073
4520,-580.0,-504.73730964467006
4521,-502.0,-504.7359208523592
4522,-475.0,-504.72084178498983
4523,-464.5,-504.70045615813484
4524,-512.5,-504.70440729483283
4525,-464.5,-504.6840506329114
4526,-464.5,-504.6637145748988
4527,-634.0,-504.7291350531108
4528,-464.5,-504.7087967644085
4529,-464.5,-504.68847902981304
4530,-464.5,-504.66818181818184
4531,-517.0,-504.67440686521957
4532,-464.5,-504.654137235116
4533,-464.5,-504.6338880484115
4534,-556.0,-504.65977822580646
4535,-569.5,-504.692443324937
4536,-464.5,-504.67220543806644
4537,-476.5,-504.6580271766482
4538,-464.5,-504.6378269617706
4539,-464.5,-504.61764705882354
4540,-496.0,-504.6133165829146
4541,-517.0,-504.61953792064287
4542,-569.5,-504.65210843373495
4543,-464.5,-504.6319618665329
4544,-476.5,-504.617853560682
4545,-541.0,-504.6360902255639
4546,-529.0,-504.6482965931864
4547,-658.0,-504.7250876314472
4548,-517.0,-504.7312312312312
4549,-464.5,-504.7111055527764
4550,-464.5,-504.691
4551,-500.5,-504.6889055472264
4552,-475.0,-504.6740759240759
4553,-563.5,-504.70344483275085
4554,-464.5,-504.68338323353294
4555,-464.5,-504.6633416458853
4556,-464.5,-504.64332003988034
4557,-464.5,-504.62331838565024
4558,-475.0,-504.6085657370518
4559,-475.0,-504.59382777501247
4560,-476.5,-504.5798507462687
4561,-476.5,-504.5658876181005
4562,-464.5,-504.5459741550696
4563,-476.5,-504.53204172876303
4564,-464.5,-504.51216484607744
4565,-476.5,-504.4982630272953
4566,-499.0,-504.4955357142857
4567,-464.5,-504.4757064947942
4568,-464.5,-504.45589692765117
4569,-515.5,-504.461367013373
4570,-464.5,-504.4415841584158
4571,-476.5,-504.42775853537853
4572,-464.5,-504.4080118694362
4573,-529.0,-504.4201680672269
4574,-464.5,-504.4004446640316
4575,-542.5,-504.41925925925926
4576,-475.0,-504.4047384007897
4577,-464.5,-504.3850518006907
4578,-584.5,-504.42455621301775
4579,-464.5,-504.4048792508625
4580,-524.5,-504.41477832512317
4581,-464.5,-504.39512555391434
4582,-475.0,-504.3806594488189
4583,-476.5,-504.3669454008854
4584,-464.5,-504.3473451327434
4585,-464.5,-504.3277641277641
4586,-464.5,-504.30820235756386
4587,-491.5,-504.3019145802651
4588,-476.5,-504.28827281648677
4589,-748.0,-504.40779794016674
4590,-592.0,-504.45073529411764
4591,-464.5,-504.4311611954924
4592,-464.5,-504.4116062683643
4593,-544.0,-504.4309838472834
4594,-580.0,-504.4679549902153
4595,-464.5,-504.4484107579462
4596,-464.5,-504.42888563049854
4597,-464.5,-504.40937957987296
4598,-464.5,-504.389892578125
4599,-464.5,-504.37042459736455
4600,-538.0,-504.3868292682927
4601,-512.5,-504.39078498293514
4602,-464.5,-504.37134502923976
4603,-464.5,-504.35192401363855
4604,-464.5,-504.3325219084713
4605,-464.5,-504.31313868613137
4606,-521.5,-504.3214980544747
4607,-592.0,-504.36412250850753
4608,-487.0,-504.35568513119534
4609,-464.5,-504.3363283147159
4610,-464.5,-504.31699029126213
4611,-464.5,-504.2976710334789
4612,-464.5,-504.278370514064
4613,-464.5,-504.2590887057683
4614,-553.0,-504.2827034883721
4615,-464.5,-504.2634382566586
4616,-575.5,-504.29791868344626
4617,-511.0,-504.3011611030479
4618,-542.5,-504.3196324951644
4619,-517.0,-504.3257612373127
4620,-475.0,-504.31159420289856
4621,-785.5,-504.44736842105266
4622,-718.0,-504.55043436293437
4623,-464.5,-504.53111432706226
4624,-548.5,-504.5523143683703
4625,-517.0,-504.55831325301205
4626,-464.5,-504.53901734104045
4627,-524.5,-504.54862782859897
4628,-464.5,-504.5293551491819
4629,-464.5,-504.510101010101
4630,-464.5,-504.4908653846154
4631,-580.0,-504.5271504084575
4632,-464.5,-504.50792507204613
4633,-476.5,-504.4944791166587
4634,-475.0,-504.4803262955854
4635,-475.0,-504.46618705035974
4636,-464.5,-504.44702780441037
4637,-475.0,-504.432918064207
4638,-464.5,-504.41379310344826
4639,-464.5,-504.39468645284825
4640,-541.0,-504.4122009569378
4641,-545.5,-504.43185078909613
4642,-464.5,-504.41276290630975
4643,-464.5,-504.39369326325846
4644,-547.0,-504.41404011461316
4645,-464.5,-504.39498806682576
4646,-464.5,-504.37595419847327
4647,-464.5,-504.35693848354794
4648,-464.5,-504.33794089609154
4649,-545.5,-504.3575512148642
4650,-536.5,-504.37285714285713
4651,-613.0,-504.4245597334603
4652,-464.5,-504.4055661274976
4653,-464.5,-504.3865905848787
4654,-464.5,-504.3676330798479
4655,-529.0,-504.3793349168646
4656,-599.5,-504.42450142450144
4657,-464.5,-504.405552918842
4658,-464.5,-504.38662239089183
4659,-464.5,-504.36770981507823
4660,-464.5,-504.3488151658768
4661,-617.5,-504.4024159166272
4662,-464.5,-504.38352272727275
4663,-580.0,-504.4193090392806
4664,-464.5,-504.4004257332072
4665,-464.5,-504.3815602836879
4666,-728.5,-504.4874763705104
4667,-535.0,-504.5018894662258
4668,-500.5,-504.5
4669,-464.5,-504.4811231713072
4670,-464.5,-504.4622641509434
4671,-580.0,-504.4978783592645
4672,-536.5,-504.51295947219603
4673,-464.5,-504.4941121055111
4674,-490.0,-504.48728813559325
4675,-464.5,-504.4684705882353
4676,-464.5,-504.4496707431797
4677,-464.5,-504.43088857545837
4678,-464.5,-504.4121240601504
4679,-464.5,-504.3933771723814
4680,-464.5,-504.37464788732393
4681,-464.5,-504.3559361801971
4682,-464.5,-504.33724202626644
4683,-464.5,-504.3185654008439
4684,-496.0,-504.31466729147144
4685,-601.0,-504.3599531615925
4686,-464.5,-504.34129213483146
4687,-464.5,-504.32264857276556
4688,-620.5,-504.37698783910196
4689,-464.5,-504.35834502103785
4690,-464.5,-504.33971962616823
4691,-464.5,-504.32111163007943
4692,-488.5,-504.3137254901961
4693,-464.5,-504.29514699020064
4694,-464.5,-504.27658582089555
4695,-464.5,-504.258041958042
4696,-496.0,-504.2541938490214
4697,-464.5,-504.23567768979973
4698,-464.5,-504.2171787709497
4699,-464.5,-504.19869706840393
4700,-464.5,-504.18023255813955
4701,-464.5,-504.16178521617854
4702,-527.5,-504.17263011152414
4703,-491.5,-504.16674407803066
4704,-745.0,-504.2785515320334
4705,-464.5,-504.2600928074246
4706,-464.5,-504.24165120593693
4707,-464.5,-504.2232267037552
4708,-464.5,-504.2048192771084
4709,-464.5,-504.1864289022696
4710,-464.5,-504.16805555555555
4711,-634.0,-504.22813512262843
4712,-464.5,-504.20975948196116
4713,-464.5,-504.1914008321775
4714,-464.5,-504.17305914972275
4715,-464.5,-504.1547344110854
4716,-464.5,-504.13642659279776
4717,-464.5,-504.11813567143514
4718,-464.5,-504.0998616236162
4719,-512.5,-504.103734439834
4720,-464.5,-504.0854838709677
4721,-575.5,-504.11837862736064
4722,-464.5,-504.10013812154693
4723,-608.5,-504.14818223653936
4724,-464.5,-504.1299448022079
4725,-475.0,-504.11655172413793
4726,-464.5,-504.0983455882353
4727,-475.0,-504.08497932935234
4728,-517.0,-504.09090909090907
4729,-464.5,-504.072739788894
4730,-475.0,-504.05940366972476
4731,-464.5,-504.041265474553
4732,-488.5,-504.03414298808434
4733,-542.5,-504.0517636280348
4734,-490.0,-504.0453296703297
4735,-476.5,-504.03272311212817
4736,-464.5,-504.0146386093321
4737,-464.5,-503.9965706447188
4738,-464.5,-503.9785191956124
4739,-502.0,-503.97761534947466
4740,-464.5,-503.9595890410959
4741,-515.5,-503.96485623003196
4742,-464.5,-503.946852189781
4743,-464.5,-503.92886456908343
4744,-464.5,-503.9108933454877
4745,-464.5,-503.89293849658316
4746,-475.0,-503.879781420765
4747,-464.5,-503.8618570778334
4748,-464.5,-503.843949044586
4749,-686.5,-503.9270122783083
4750,-502.0,-503.9261363636364
4751,-496.0,-503.9225352112676
4752,-476.5,-503.9100817438692
4753,-464.5,-503.8921924648207
4754,-464.5,-503.87431941923774
4755,-464.5,-503.856462585034
4756,-476.5,-503.8440616500453
4757,-520.0,-503.85138196647034
4758,-464.5,-503.8335597826087
4759,-464.5,-503.81575373472157
4760,-464.5,-503.797963800905
4761,-536.5,-503.81275440976935
4762,-490.0,-503.80650994575046
4763,-464.5,-503.78874830546766
4764,-464.5,-503.7710027100271
4765,-610.0,-503.81896162528216
4766,-500.5,-503.81746389891697
4767,-464.5,-503.79972936400543
4768,-464.5,-503.78201082055904
4769,-464.5,-503.7643082469581
4770,-464.5,-503.7466216216216
4771,-524.5,-503.75596578117967
4772,-542.5,-503.77340234023404
4773,-464.5,-503.75573549257757
4774,-512.5,-503.759667266187
4775,-529.0,-503.77101123595503
4776,-464.5,-503.7533692722372
4777,-464.5,-503.7357431522227
4778,-464.5,-503.7181328545781
4779,-493.0,-503.71332436069986
4780,-464.5,-503.6957399103139
4781,-464.5,-503.67817122366654
4782,-464.5,-503.6606182795699
4783,-464.5,-503.64308105687417
4784,-749.5,-503.75313339301704
4785,-464.5,-503.73557046979863
4786,-565.0,-503.76296958855096
4787,-530.5,-503.774921770228
4788,-625.0,-503.82908847184984
4789,-464.5,-503.8115230013399
4790,-464.5,-503.7939732142857
4791,-464.5,-503.7764390896921
4792,-464.5,-503.75892060660124
4793,-464.5,-503.74141774409276
4794,-524.5,-503.75066844919786
4795,-464.5,-503.73318485523384
4796,-464.5,-503.71571682991987
4797,-524.5,-503.72496662216287
4798,-524.5,-503.7342081850534
4799,-464.5,-503.71676300578036
4800,-475.0,-503.704
4801,-830.5,-503.84917814304754
4802,-464.5,-503.8317051509769
4803,-464.5,-503.81424766977364
4804,-464.5,-503.79680567879325
4805,-535.0,-503.81064301552107
4806,-521.5,-503.81848404255317
4807,-554.5,-503.8409392999557
4808,-464.5,-503.82351638618246
4809,-496.0,-503.82005312084993
4810,-464.5,-503.80265486725665
4811,-584.5,-503.8383458646617
4812,-464.5,-503.8209549071618
4813,-464.5,-503.8035793194874
4814,-677.5,-503.8803003533569
4815,-464.5,-503.8629139072848
4816,-464.5,-503.84554280670784
4817,-464.5,-503.8281870313189
4818,-574.0,-503.859126984127
4819,-464.5,-503.8417805200529
4820,-529.0,-503.85286343612336
4821,-464.5,-503.835535006605
4822,-464.5,-503.8182218309859
4823,-464.5,-503.8009238891333
4824,-464.5,-503.78364116094986
4825,-520.0,-503.79076923076923
4826,-464.5,-503.7735061511423
4827,-464.5,-503.7562582345191
4828,-464.5,-503.73902546093063
4829,-464.5,-503.7218078104432
4830,-569.5,-503.75065789473683
4831,-464.5,-503.73345024112234
4832,-475.0,-503.72085889570553
4833,-730.0,-503.81997371879106
4834,-476.5,-503.8080122591944
4835,-490.0,-503.8019693654267
4836,-464.5,-503.78477690288713
4837,-517.0,-503.7905553126366
4838,-476.5,-503.7786276223776
4839,-476.5,-503.7667103538663
4840,-464.5,-503.7495633187773
4841,-464.5,-503.7324312527281
4842,-464.5,-503.71531413612564
4843,-464.5,-503.69821194941125
4844,-464.5,-503.68112467306014
4845,-464.5,-503.6640522875817
4846,-586.0,-503.69991289198606
4847,-464.5,-503.68284719198954
4848,-464.5,-503.6657963446475
4849,-464.5,-503.6487603305785
4850,-464.5,-503.63173913043477
4851,-464.5,-503.61473272490224
4852,-464.5,-503.59774109470027
4853,-580.0,-503.63091619626573
4854,-464.5,-503.6139322916667
4855,-521.5,-503.62169197396963
4856,-464.5,-503.60472679965306
4857,-499.0,-503.6027308192458
4858,-464.5,-503.58578856152513
4859,-464.5,-503.5688609787787
4860,-464.5,-503.55194805194805
4861,-464.5,-503.5350497620078
4862,-464.5,-503.5181660899654
4863,-464.5,-503.5012970168612
4864,-464.5,-503.4844425237684
4865,-464.5,-503.4676025917927
4866,-538.0,-503.48251295336786
4867,-464.5,-503.4656883901597
4868,-464.5,-503.4488783433995
4869,-583.0,-503.48318240620955
4870,-464.5,-503.46637931034485
4871,-529.0,-503.4773804394658
4872,-529.0,-503.48837209302326
4873,-464.5,-503.47158846319417
4874,-464.5,-503.4548192771084
4875,-464.5,-503.43806451612903
4876,-464.5,-503.4213241616509
4877,-464.5,-503.404598195101
4878,-464.5,-503.3878865979381
4879,-464.5,-503.3711893516531
4880,-464.5,-503.35450643776824
4881,-749.5,-503.460102960103
4882,-512.5,-503.4639794168096
4883,-464.5,-503.44727818259753
4884,-464.5,-503.4305912596401
4885,-475.0,-503.4184154175589
4886,-569.5,-503.44670376712327
4887,-464.5,-503.4300385109114
4888,-464.5,-503.4133875106929
4889,-646.0,-503.4743480119709
4890,-532.0,-503.4865384615385
4891,-475.0,-503.4743699273815
4892,-464.5,-503.45772843723313
4893,-668.5,-503.5281690140845
4894,-464.5,-503.51151877133105
4895,-464.5,-503.4948827292111
4896,-464.5,-503.4782608695652
4897,-464.5,-503.461653174265
4898,-464.5,-503.44505962521293
4899,-575.5,-503.4757343550447
4900,-563.5,-503.5012765957447
4901,-511.0,-503.5044661846023
4902,-590.5,-503.54145408163265
4903,-464.5,-503.52486187845307
4904,-464.5,-503.5082837723025
4905,-464.5,-503.49171974522295
4906,-475.0,-503.47962648556876
4907,-530.5,-503.4910903691133
4908,-661.0,-503.55788804071244
4909,-464.5,-503.54133107248833
4910,-464.5,-503.5247881355932
4911,-479.5,-503.5146124523507
4912,-575.5,-503.54508890770535
4913,-464.5,-503.5285653829877
4914,-464.5,-503.5120558375635
4915,-464.5,-503.4955602536998
4916,-719.5,-503.58685545224006
4917,-464.5,-503.5703422053232
4918,-464.5,-503.5538429054054
4919,-580.0,-503.58611228366397
4920,-689.5,-503.6645569620253
4921,-464.5,-503.6480388021932
4922,-464.5,-503.63153456998316
4923,-476.5,-503.62010113780025
4924,-623.5,-503.670598146588
4925,-476.5,-503.65915789473684
4926,-464.5,-503.6426767676768
4927,-575.5,-503.6729070256626
4928,-464.5,-503.6564339781329
4929,-464.5,-503.63997477931906
4930,-464.5,-503.6235294117647
4931,-476.5,-503.61213775724485
4932,-502.0,-503.61146095717885
4933,-464.5,-503.5950482584977
4934,-464.5,-503.57864932885906
4935,-547.0,-503.59685534591193
4936,-464.5,-503.5804694048617
4937,-464.5,-503.56409719312944
4938,-860.5,-503.713567839196
4939,-464.5,-503.6971536207618
4940,-580.0,-503.72907949790795
4941,-464.5,-503.71267252195736
4942,-464.5,-503.69627926421407
4943,-464.5,-503.67989970748016
4944,-464.5,-503.6635338345865
4945,-499.0,-503.6615866388309
4946,-464.5,-503.64524207011686
4947,-464.5,-503.6289111389236
4948,-587.5,-503.66388657214344
4949,-602.5,-503.70508545227176
4950,-464.5,-503.68875
4951,-464.5,-503.67242815493546
4952,-464.5,-503.65611990008324
4953,-464.5,-503.6398252184769
4954,-464.5,-503.62354409317805
4955,-575.5,-503.65343035343034
4956,-475.0,-503.6415211970075
4957,-464.5,-503.62525965932696
4958,-476.5,-503.6139950166113
4959,-575.5,-503.64383561643837
4960,-487.0,-503.6369294605809
4961,-464.5,-503.62069680630447
4962,-515.5,-503.6256218905473
4963,-464.5,-503.6094073767095
4964,-490.0,-503.60376967688484
4965,-512.5,-503.60745341614904
4966,-643.0,-503.6651490066225
4967,-464.5,-503.6489449731072
4968,-464.5,-503.6327543424318
4969,-500.5,-503.6314592806945
4970,-490.0,-503.625826446281
4971,-464.5,-503.6096654275093
4972,-521.5,-503.6170520231214
4973,-464.5,-503.6009079653322
4974,-464.5,-503.5847772277228
4975,-517.0,-503.5903092783505
4976,-464.5,-503.57419620774937
4977,-464.5,-503.55809641532755
4978,-476.5,-503.54695222405275
4979,-464.5,-503.53087690407574
4980,-529.0,-503.54135802469136
4981,-476.5,-503.53023447141095
4982,-464.5,-503.5141858552632
4983,-529.0,-503.5246609124538
4984,-602.5,-503.56532456861135
4985,-508.0,-503.56714579055443
4986,-464.5,-503.5511083743842
4987,-464.5,-503.53508411981943
4988,-464.5,-503.5190730106645
4989,-520.0,-503.52583025830256
4990,-464.5,-503.5098360655738
4991,-464.5,-503.49385497746823
4992,-524.5,-503.502457002457
4993,-680.5,-503.5749079001228
4994,-464.5,-503.55891980360065
4995,-529.0,-503.5693251533742
4996,-551.5,-503.58892068683565
4997,-464.5,-503.57294646505926
4998,-560.5,-503.59620098039215
4999,-644.5,-503.6537362188648
5000,-464.5,-503.63775510204084
5001,-464.5,-503.6217870257038
5002,-475.0,-503.6101141924959
5003,-502.0,-503.60945780676724
5004,-464.5,-503.59352078239607
5005,-464.5,-503.5775967413442
5006,-464.5,-503.56168566775244
5007,-695.5,-503.63980463980465
5008,-464.5,-503.62388120423105
5009,-464.5,-503.6079707198048
5010,-464.5,-503.5920731707317
5011,-464.5,-503.5761885412434
5012,-464.5,-503.56031681559705
5013,-476.5,-503.5493300852619
5014,-464.5,-503.53348214285717
5015,-835.0,-503.6679513184584
5016,-464.5,-503.6520681265207
5017,-544.0,-503.6684231860559
5018,-529.0,-503.6786871961102
5019,-548.5,-503.6968408262454
5020,-464.5,-503.680971659919
5021,-542.5,-503.6966815054634
5022,-464.5,-503.68082524271847
5023,-464.5,-503.66498180347753
5024,-464.5,-503.6491511721908
5025,-574.0,-503.67757575757577
5026,-464.5,-503.66175282714056
5027,-500.5,-503.660476382721
5028,-464.5,-503.64467312348665
5029,-464.5,-503.6288826139572
5030,-602.5,-503.66875
5031,-608.5,-503.71100362756954
5032,-464.5,-503.69520547945206
5033,-464.5,-503.67942005638344
5034,-464.5,-503.66364734299515
5035,-542.5,-503.6792756539235
5036,-464.5,-503.663515687852
5037,-464.5,-503.6477683956574
5038,-464.5,-503.63203376205786
5039,-464.5,-503.6163117717959
5040,-464.5,-503.60060240963855
5041,-475.0,-503.58912083500604
5042,-464.5,-503.5734349919743
5043,-464.5,-503.557761732852
5044,-464.5,-503.542101042502
5045,-475.0,-503.5306613226453
5046,-464.5,-503.51502403846155
5047,-647.5,-503.5726872246696
5048,-496.0,-503.56965572457966
5049,-502.0,-503.5690276110444
5050,-464.5,-503.5534
5051,-464.5,-503.5377848860456
5052,-524.5,-503.5461630695444
5053,-599.5,-503.584498601678
5054,-464.5,-503.5688897763578
5055,-464.5,-503.55329341317366
5056,-509.5,-503.5556664006385
5057,-623.5,-503.60351017151976
5058,-464.5,-503.5879186602871
5059,-464.5,-503.57233957752095
5060,-464.5,-503.55677290836655
5061,-464.5,-503.5412186379928
5062,-464.5,-503.52567675159236
5063,-1036.0,-503.7375646637485
5064,-464.5,-503.7219570405728
5065,-574.0,-503.74990059642147
5066,-464.5,-503.7343004769475
5067,-464.5,-503.7187127532777
5068,-578.5,-503.74841143764894
5069,-464.5,-503.732830488289
5070,-464.5,-503.7172619047619
5071,-554.5,-503.7374057913526
5072,-464.5,-503.721847739889
5073,-535.0,-503.73424494649225
5074,-464.5,-503.7187004754358
5075,-475.0,-503.70732673267327
5076,-536.5,-503.7203087885986
5077,-496.0,-503.71725366046695
5078,-496.0,-503.71420094936707
5079,-464.5,-503.69869513641754
5080,-535.0,-503.7110671936759
5081,-575.5,-503.739431054919
5082,-709.0,-503.8204976303318
5083,-491.5,-503.81563363600475
5084,-886.0,-503.966456195738
5085,-496.0,-503.96331360946743
5086,-464.5,-503.9477523659306
5087,-464.5,-503.93220338983053
5088,-464.5,-503.9166666666667
5089,-464.5,-503.9011421819614
5090,-464.5,-503.88562992125986
5091,-464.5,-503.87012987012986
5092,-464.5,-503.8546420141621
5093,-586.0,-503.88694455367676
5094,-464.5,-503.8714622641509
5095,-529.0,-503.8813359528487
5096,-464.5,-503.86586802827964
5097,-464.5,-503.8504122497055
5098,-464.5,-503.83496860282577
5099,-502.0,-503.8342487249902
5100,-464.5,-503.81882352941176
5101,-464.5,-503.80341042728344
5102,-602.5,-503.8420846394984
5103,-530.5,-503.852526439483
5104,-476.5,-503.84181675802665
5105,-524.5,-503.8499021526419
5106,-637.0,-503.9019953051643
5107,-541.0,-503.91650371529136
5108,-554.5,-503.93627834245507
5109,-464.5,-503.9208675263775
5110,-464.5,-503.90546875
5111,-464.5,-503.89008199921903
5112,-685.0,-503.96077283372364
5113,-502.0,-503.96000780335544
5114,-500.5,-503.95865834633383
5115,-464.5,-503.94327485380114
5116,-464.5,-503.9279033515199
5117,-476.5,-503.9172185430464
5118,-476.5,-503.9065420560748
5119,-464.5,-503.89120280264694
5120,-464.5,-503.87587548638135
5121,-592.0,-503.91015169194867
5122,-464.5,-503.8948289269051
5123,-464.5,-503.87951807228916
5124,-665.5,-503.9423076923077
5125,-599.5,-503.97941747572816
5126,-502.0,-503.97864906832297
5127,-569.5,-504.00407450523863
5128,-611.5,-504.0457719162141
5129,-464.5,-504.0304381543234
5130,-547.0,-504.0470930232558
5131,-464.5,-504.03177063153817
5132,-464.5,-504.0164601084431
5133,-464.5,-504.00116144018585
5134,-464.5,-503.9858746130031
5135,-464.5,-503.9705996131528
5136,-464.5,-503.95533642691413
5137,-464.5,-503.9400850405876
5138,-569.5,-503.96541731066463
5139,-464.5,-503.95017381228274
5140,-464.5,-503.93494208494207
5141,-464.5,-503.9197221150135
5142,-464.5,-503.9045138888889
5143,-476.5,-503.89394523717704
5144,-464.5,-503.87875867386276
5145,-475.0,-503.86763005780347
5146,-535.0,-503.87962249614793
5147,-464.5,-503.86445899114364
5148,-475.0,-503.8533487297922
5149,-476.5,-503.84282416313965
5150,-487.0,-503.83634615384614
5151,-529.0,-503.84602076124565
5152,-464.5,-503.83089930822445
5153,-464.5,-503.8157894736842
5154,-557.5,-503.83640552995394
5155,-464.5,-503.82130518234163
5156,-554.5,-503.8407521105142
5157,-535.0,-503.8527042577675
5158,-464.5,-503.83761503067484
5159,-602.5,-503.87543119969337
5160,-464.5,-503.86034482758623
5161,-500.5,-503.8590578322482
5162,-464.5,-503.843989280245
5163,-464.5,-503.8289322617681
5164,-547.0,-503.8454475899005
5165,-464.5,-503.83040152963673
5166,-464.5,-503.8153669724771
5167,-575.5,-503.8427588842186
5168,-464.5,-503.827731092437
5169,-554.5,-503.8470790378007
5170,-464.5,-503.8320610687023
5171,-464.5,-503.8170545593285
5172,-464.5,-503.8020594965675
5173,-475.0,-503.7910789172703
5174,-464.5,-503.7761051829268
5175,-464.5,-503.76114285714283
5176,-464.5,-503.746191926885
5177,-464.5,-503.7312523791397
5178,-464.5,-503.7163242009132
5179,-475.0,-503.7054012932674
5180,-538.0,-503.7184410646388
5181,-464.5,-503.7035347776511
5182,-475.0,-503.69262917933133
5183,-464.5,-503.67774401823016
5184,-475.0,-503.6668564920273
5185,-464.5,-503.65199240986715
5186,-500.5,-503.6507966616085
5187,-499.0,-503.6490329920364
5188,-536.5,-503.6614859742229
5189,-464.5,-503.6466464569913
5190,-464.5,-503.6318181818182
5191,-500.5,-503.63063233623626
5192,-554.5,-503.64988644965933
5193,-536.5,-503.6623155505108
5194,-464.5,-503.64750378214825
5195,-464.5,-503.63270321361057
5196,-488.5,-503.62698412698415
5197,-464.5,-503.61220249338874
5198,-464.5,-503.59743202416917
5199,-464.5,-503.58267270668176
5200,-499.0,-503.5809433962264
5201,-464.5,-503.5662014334213
5202,-556.0,-503.58597285067873
5203,-464.5,-503.5712401055409
5204,-529.0,-503.5808214016579
5205,-464.5,-503.56610169491523
5206,-464.5,-503.55139307228916
5207,-464.5,-503.53669552126456
5208,-487.0,-503.53047404063204
5209,-464.5,-503.51579541180894
5210,-475.0,-503.5050751879699
5211,-464.5,-503.49041713641486
5212,-464.5,-503.47577009767093
5213,-476.5,-503.4656402553511
5214,-464.5,-503.4510135135135
5215,-517.0,-503.4560975609756
5216,-464.5,-503.4414853713428
5217,-464.5,-503.4268841394826
5218,-487.0,-503.42072713643176
5219,-572.5,-503.4466092169352
5220,-475.0,-503.43595505617975
5221,-464.5,-503.42137776113816
5222,-475.0,-503.4107410179641
5223,-500.5,-503.40965207631876
5224,-638.5,-503.46017202692593
5225,-464.5,-503.44560747663553
5226,-464.5,-503.4310538116592
5227,-542.5,-503.44564811355997
5228,-464.5,-503.4311053024645
5229,-500.5,-503.43001119820826
5230,-464.5,-503.4154850746269
5231,-536.5,-503.4278254382693
5232,-464.5,-503.4133109619687
5233,-508.0,-503.4150204994409
5234,-464.5,-503.400521609538
5235,-514.0,-503.404469273743
5236,-538.0,-503.4173492181683
5237,-464.5,-503.4028656494232
5238,-464.5,-503.38839285714283
5239,-464.5,-503.3739308293046
5240,-464.5,-503.3594795539033
5241,-496.0,-503.3567447045708
5242,-464.5,-503.3423105497771
5243,-524.5,-503.3501670998886
5244,-464.5,-503.3357461024499
5245,-529.0,-503.3452690166976
5246,-464.5,-503.3308605341246
5247,-536.5,-503.34315906562847
5248,-464.5,-503.32876204596
5249,-464.5,-503.31437569470177
5250,-464.5,-503.3
5251,-464.5,-503.2856349500185
5252,-464.5,-503.2712805329386
5253,-542.5,-503.2857935627081
5254,-464.5,-503.271449704142
5255,-464.5,-503.25711645101666
5256,-574.0,-503.28325942350335
5257,-464.5,-503.268932397488
5258,-464.5,-503.25461595273265
5259,-464.5,-503.2403100775194
5260,-464.5,-503.2260147601476
5261,-464.5,-503.211729988934
5262,-464.5,-503.19745575221236
5263,-560.5,-503.2185772207888
5264,-464.5,-503.2043109801032
5265,-464.5,-503.19005524861876
5266,-536.5,-503.2023195876289
5267,-608.5,-503.24107471475895
5268,-464.5,-503.22682119205297
5269,-635.5,-503.2754689223979
5270,-464.5,-503.2612132352941
5271,-479.5,-503.25248070562293
5272,-464.5,-503.2382439382807
5273,-464.5,-503.2240176276166
5274,-535.0,-503.23568281938327
5275,-464.5,-503.22146788990824
5276,-554.5,-503.2402787967718
5277,-464.5,-503.22607260726073
5278,-464.5,-503.21187683284455
5279,-464.5,-503.19769146207403
5280,-464.5,-503.1835164835165
5281,-464.5,-503.16935188575616
5282,-464.5,-503.15519765739384
5283,-464.5,-503.1410537870472
5284,-464.5,-503.1269202633504
5285,-500.5,-503.1259597806216
5286,-464.5,-503.1118421052632
5287,-631.0,-503.15856777493605
5288,-557.5,-503.1784149013879
5289,-464.5,-503.1642935377875
5290,-464.5,-503.1501824817518
5291,-572.5,-503.1754834002189
5292,-464.5,-503.1613785557987
5293,-464.5,-503.14728399562523
5294,-602.5,-503.1834912536443
5295,-464.5,-503.1693989071038
5296,-479.5,-503.1607793153678
5297,-464.5,-503.1467054969057
5298,-554.5,-503.1653930131004
5299,-464.5,-503.15132775554747
5300,-464.5,-503.1372727272727
5301,-475.0,-503.12704471101415
5302,-599.5,-503.16206395348837
5303,-464.5,-503.1480203414457
5304,-646.0,-503.19989106753815
5305,-464.5,-503.1858439201452
5306,-464.5,-503.1718069666183
5307,-464.5,-503.1577801958651
5308,-560.5,-503.17857142857144
5309,-464.5,-503.1645523740486
5310,-544.0,-503.17934782608694
5311,-476.5,-503.1696848967765
5312,-464.5,-503.15568428674874
5313,-554.5,-503.1742671009772
5314,-571.0,-503.1988060781476
5315,-476.5,-503.1891500904159
5316,-464.5,-503.1751626898048
5317,-530.5,-503.1850379472353
5318,-464.5,-503.1710621387283
5319,-491.5,-503.1668472372698
5320,-500.5,-503.1658844765343
5321,-512.5,-503.16925297726453
5322,-475.0,-503.15909090909093
5323,-464.5,-503.14514965741074
5324,-464.5,-503.1312184571017
5325,-464.5,-503.1172972972973
5326,-625.0,-503.16120317002884
5327,-464.5,-503.14728123874687
5328,-548.5,-503.16360691144706
5329,-464.5,-503.1496941345808
5330,-496.0,-503.14712230215827
5331,-529.0,-503.15641855447683
5332,-464.5,-503.14252336448595
5333,-464.5,-503.12863816025873
5334,-464.5,-503.1147629310345
5335,-464.5,-503.10089766606825
5336,-502.0,-503.1005025125628
5337,-464.5,-503.0866523143165
5338,-464.5,-503.0728120516499
5339,-493.0,-503.06920043026173
5340,-569.5,-503.09301075268814
5341,-623.5,-503.1361519168757
5342,-464.5,-503.12231375358164
5343,-464.5,-503.1084854994629
5344,-464.5,-503.09466714387975
5345,-464.5,-503.0808586762075
5346,-475.0,-503.07081545064375
5347,-464.5,-503.05702538434036
5348,-475.0,-503.04699785561115
5349,-530.5,-503.0568060021436
5350,-464.5,-503.04303571428574
5351,-476.5,-503.03355944305605
5352,-464.5,-503.01980728051393
5353,-464.5,-503.0060649304317
5354,-464.5,-502.99233238231096
5355,-464.5,-502.97860962566847
5356,-464.5,-502.96489665003566
5357,-599.5,-502.99928749554687
5358,-464.5,-502.9855769230769
5359,-548.5,-503.00177999288
5360,-464.5,-502.98807829181493
5361,-464.5,-502.974386339381
5362,-464.5,-502.9607041251778
5363,-631.0,-503.006221116246
5364,-575.5,-503.0319829424307
5365,-538.0,-503.044404973357
5366,-487.0,-503.0387073863636
5367,-682.0,-503.10223642172525
5368,-464.5,-503.0885379701916
5369,-569.5,-503.1120964881164
5370,-502.0,-503.11170212765956
5371,-464.5,-503.09801488833745
5372,-499.0,-503.09656272147413
5373,-568.0,-503.1195536663124
5374,-464.5,-503.1058781869688
5375,-464.5,-503.0922123893805
5376,-464.5,-503.07855626326966
5377,-580.0,-503.10576582950125
5378,-464.5,-503.0921145685997
5379,-464.5,-503.07847295864264
5380,-464.5,-503.0648409893993
5381,-475.0,-503.0549275874249
5382,-464.5,-503.041313559322
5383,-464.5,-503.02770914225204
5384,-464.5,-503.01411432604095
5385,-464.5,-503.0005291005291
5386,-464.5,-502.9869534555712
5387,-464.5,-502.97338738103633
5388,-635.5,-503.0200845665962
5389,-464.5,-503.0065163790067
5390,-464.5,-502.99295774647885
5391,-536.5,-503.00475184794084
5392,-551.5,-503.02181562280083
5393,-464.5,-503.0082659162856
5394,-464.5,-502.9947257383966
5395,-464.5,-502.9811950790861
5396,-476.5,-502.97189037245255
5397,-529.0,-502.98103266596416
5398,-784.0,-503.07970505617976
5399,-464.5,-503.06616356616354
5400,-514.0,-503.07
5401,-551.5,-503.0869870220975
5402,-464.5,-503.0734572230014
5403,-728.5,-503.15247108307045
5404,-464.5,-503.13892782060265
5405,-493.0,-503.1353765323993
5406,-464.5,-503.1218487394958
5407,-613.0,-503.16030801540074
5408,-538.0,-503.1724982505248
5409,-464.5,-503.1589716684155
5410,-464.5,-503.1454545454545
5411,-529.0,-503.15449143656065
5412,-464.5,-503.14098532494756
5413,-464.5,-503.127488648271
5414,-464.5,-503.11400139664806
5415,-521.5,-503.12041884816756
5416,-518.5,-503.1257850662945
5417,-464.5,-503.11231252179977
5418,-464.5,-503.09884937238496
5419,-464.5,-503.08539560822584
5420,-464.5,-503.0719512195122
5421,-464.5,-503.0585161964472
5422,-464.5,-503.0450905292479
5423,-551.5,-503.06195614340413
5424,-464.5,-503.04853862212946
5425,-601.0,-503.0826086956522
5426,-464.5,-503.0691933240612
5427,-464.5,-503.05578727841504
5428,-464.5,-503.04239054899233
5429,-464.5,-503.02900312608546
5430,-496.0,-503.0265625
5431,-464.5,-503.01318986463036
5432,-475.0,-503.0034698126301
5433,-464.5,-502.9901144640999
5434,-464.5,-502.9767683772538
5435,-575.5,-503.0019064124783
5436,-464.5,-502.9885654885655
5437,-517.0,-502.99341877381363
5438,-506.5,-502.9946329639889
5439,-464.5,-502.98130841121497
5440,-464.5,-502.9679930795848
5441,-464.5,-502.95468695952957
5442,-464.5,-502.9413900414938
5443,-464.5,-502.928102315935
5444,-464.5,-502.91482377332414
5445,-464.5,-502.9015544041451
5446,-536.5,-502.91315607734805
5447,-464.5,-502.89989644459786
5448,-464.5,-502.8866459627329
5449,-464.5,-502.87340462228354
5450,-464.5,-502.8601724137931
5451,-536.5,-502.8717683557394
5452,-535.0,-502.88283942108893
5453,-619.0,-502.92283844299
5454,-508.0,-502.9245867768595
5455,-464.5,-502.91135972461274
5456,-475.0,-502.90175498967653
5457,-464.5,-502.8885448916409
5458,-476.5,-502.8794704264099
5459,-476.5,-502.8704022000687
5460,-464.5,-502.8572164948454
5461,-464.5,-502.8440398488492
5462,-500.5,-502.8432348901099
5463,-476.5,-502.83419155509785
5464,-496.0,-502.8318462594372
5465,-464.5,-502.81869639794166
5466,-464.5,-502.80555555555554
5467,-464.5,-502.7924237230031
5468,-592.0,-502.8229952021933
5469,-554.5,-502.84069886947583
5470,-479.5,-502.83270547945204
5471,-464.5,-502.81958233481686
5472,-464.5,-502.8064681724846
5473,-464.5,-502.7933629832364
5474,-464.5,-502.78026675786595
5475,-464.5,-502.7671794871795
5476,-496.0,-502.7648667122351
5477,-464.5,-502.7517936453707
5478,-464.5,-502.73872950819674
5479,-575.5,-502.7635711847047
5480,-464.5,-502.7505119453925
5481,-479.5,-502.74257932446267
5482,-464.5,-502.7295361527967
5483,-464.5,-502.7165018752131
5484,-464.5,-502.7034764826176
5485,-512.5,-502.70681431005113
5486,-605.5,-502.741825613079
5487,-464.5,-502.7288049029622
5488,-464.5,-502.715793056501
5489,-475.0,-502.70636270840424
5490,-464.5,-502.69336734693877
5491,-464.5,-502.6803808228494
5492,-536.5,-502.6918762746431
5493,-562.0,-502.71202854230376
5494,-464.5,-502.6990489130435
5495,-464.5,-502.68607809847197
5496,-464.5,-502.673116089613
5497,-464.5,-502.66016287750256
5498,-530.5,-502.6696065128901
5499,-529.0,-502.6785350966429
5500,-464.5,-502.66559322033896
5501,-464.5,-502.65266011521516
5502,-464.5,-502.6397357723577
5503,-464.5,-502.6268201828649
5504,-464.5,-502.613913337847
5505,-530.5,-502.62335025380713
5506,-464.5,-502.61045331529095
5507,-464.5,-502.5975650997633
5508,-608.5,-502.63336713995943
5509,-464.5,-502.6204798918554
5510,-529.0,-502.6293918918919
5511,-464.5,-502.6165146909828
5512,-499.0,-502.61529372045914
5513,-577.0,-502.6403982450219
5514,-464.5,-502.6275303643725
5515,-536.5,-502.6389544688027
5516,-464.5,-502.62609575185434
5517,-500.5,-502.6253791708797
5518,-464.5,-502.61253369272237
5519,-464.5,-502.5996968676322
5520,-464.5,-502.5868686868687
5521,-586.0,-502.61494446314373
5522,-464.5,-502.6021197846568
5523,-803.5,-502.7033299697275
5524,-464.5,-502.6904841963685
5525,-464.5,-502.67764705882354
5526,-512.5,-502.6809475806452
5527,-464.5,-502.66812227074234
5528,-464.5,-502.6553055742109
5529,-464.5,-502.64249748237665
5530,-578.5,-502.66795302013423
5531,-464.5,-502.6551492787655
5532,-464.5,-502.64235412474846
5533,-524.5,-502.6496815286624
5534,-500.5,-502.64896112600536
5535,-793.0,-502.7462311557789
5536,-464.5,-502.7334226389819
5537,-464.5,-502.72062269835953
5538,-464.5,-502.7078313253012
5539,-538.0,-502.71963867514216
5540,-487.0,-502.714381270903
5541,-464.5,-502.70160481444333
5542,-667.0,-502.75651737967917
5543,-464.5,-502.7437353825593
5544,-464.5,-502.7309619238477
5545,-464.5,-502.7181969949917
5546,-545.5,-502.73247663551405
5547,-535.0,-502.7432432432432
5548,-464.5,-502.73048699132755
5549,-569.5,-502.75275091697233
5550,-464.5,-502.74
5551,-523.0,-502.74675108297237
5552,-464.5,-502.7340106595603
5553,-464.5,-502.72127872127874
5554,-464.5,-502.7085552596538
5555,-464.5,-502.69584026622294
5556,-476.5,-502.687125748503
5557,-490.0,-502.6829065513801
5558,-490.0,-502.67869015957444
5559,-464.5,-502.66600199401796
5560,-476.5,-502.6573089700997
5561,-464.5,-502.64463633344405
5562,-464.5,-502.6319721115538
5563,-464.5,-502.61931629605044
5564,-464.5,-502.60666887856667
5565,-464.5,-502.59402985074627
5566,-464.5,-502.581399204244
5567,-665.5,-502.63539940338086
5568,-464.5,-502.6227634194831
5569,-464.5,-502.61013580655845
5570,-499.0,-502.608940397351
5571,-464.5,-502.5963257199603
5572,-464.5,-502.5837193911317
5573,-464.5,-502.5711214025802
5574,-464.5,-502.55853174603175
5575,-464.5,-502.5459504132231
5576,-536.5,-502.55717118307996
5577,-464.5,-502.5445986124876
5578,-464.5,-502.53203434610305
5579,-728.5,-502.60663585341695
5580,-464.5,-502.5940594059406
5581,-496.0,-502.59188386671065
5582,-568.0,-502.61345646437996
5583,-464.5,-502.6008902077151
5584,-464.5,-502.5883322346737
5585,-565.0,-502.6088962108731
5586,-464.5,-502.5963438735178
5587,-464.5,-502.5837998024366
5588,-464.5,-502.57126398946673
5589,-464.5,-502.55873642645605
5590,-464.5,-502.54621710526317
5591,-524.5,-502.55343636961527
5592,-496.0,-502.55128205128204
5593,-464.5,-502.53877752218204
5594,-464.5,-502.5262812089356
5595,-464.5,-502.5137931034483
5596,-464.5,-502.50131319763625
5597,-464.5,-502.4888414834263
5598,-605.5,-502.5226377952756
5599,-464.5,-502.5101672679567
5600,-599.5,-502.54196721311473
5601,-667.0,-502.5958702064897
5602,-464.5,-502.5833879423329
5603,-464.5,-502.5709138552244
5604,-464.5,-502.55844793713163
5605,-464.5,-502.54599018003273
5606,-464.5,-502.5335405759162
5607,-680.5,-502.59175662414134
5608,-464.5,-502.57930019620665
5609,-527.5,-502.5874468780647
5610,-572.5,-502.6102941176471
5611,-464.5,-502.59784384188174
5612,-614.5,-502.63438928804703
5613,-464.5,-502.62193927522037
5614,-464.5,-502.60949738903395
5615,-464.5,-502.59706362153344
5616,-464.5,-502.58463796477497
5617,-464.5,-502.5722204108249
5618,-464.5,-502.5598109517601
5619,-535.0,-502.57038123167155
5620,-464.5,-502.5579804560261
5621,-464.5,-502.54558775643113
5622,-820.0,-502.64892578125
5623,-605.5,-502.6823950536935
5624,-464.5,-502.6699739752765
5625,-464.5,-502.6575609756098
5626,-542.5,-502.6705136540962
5627,-604.0,-502.70344491387715
5628,-464.5,-502.69103313840156
5629,-464.5,-502.678629425138
5630,-464.5,-502.66623376623374
5631,-464.5,-502.65384615384613
5632,-464.5,-502.6414665801428
5633,-529.0,-502.6500162179695
5634,-464.5,-502.6376459143969
5635,-502.0,-502.63743922204213
5636,-547.0,-502.651814646792
5637,-523.0,-502.6584062196307
5638,-800.5,-502.7548575129534
5639,-464.5,-502.7424732923276
5640,-464.5,-502.7300970873786
5641,-464.5,-502.7177288903268
5642,-464.5,-502.7053686934023
5643,-464.5,-502.6930164888458
5644,-464.5,-502.6806722689076
5645,-464.5,-502.66833602584813
5646,-464.5,-502.656007751938
5647,-535.0,-502.6664514045851
5648,-464.5,-502.6541316978696
5649,-464.5,-502.64181994191676
5650,-464.5,-502.62951612903225
5651,-464.5,-502.61722025153176
5652,-464.5,-502.6049323017408
5653,-464.5,-502.59265227199484
5654,-464.5,-502.58038015463916
5655,-499.0,-502.5792270531401
5656,-464.5,-502.56696716033485
5657,-464.5,-502.55471515931765
5658,-464.5,-502.54247104247105
5659,-464.5,-502.5302348021872
5660,-464.5,-502.5180064308682
5661,-464.5,-502.50578592092575
5662,-464.5,-502.4935732647815
5663,-581.5,-502.5189527786701
5664,-496.0,-502.51685934489404
5665,-464.5,-502.50465489566614
5666,-475.0,-502.4958279845956
5667,-464.5,-502.48363811357075
5668,-496.0,-502.4815586914689
5669,-464.5,-502.4693812119269
5670,-464.5,-502.45721153846154
5671,-464.5,-502.44504966356936
5672,-494.5,-502.44250480461244
5673,-520.0,-502.44812680115274
5674,-464.5,-502.4359795134443
5675,-464.5,-502.42384
5676,-563.5,-502.4433781190019
5677,-479.5,-502.43604093380236
5678,-464.5,-502.42391304347825
5679,-491.5,-502.4204218600192
5680,-464.5,-502.40830670926516
5681,-578.5,-502.4326093899713
5682,-464.5,-502.4204980842912
5683,-464.5,-502.4083945100543
5684,-464.5,-502.3962986598596
5685,-674.5,-502.4511961722488
5686,-464.5,-502.4390943877551
5687,-527.5,-502.44708320051006
5688,-538.0,-502.45841300191205
5689,-464.5,-502.4463204842306
5690,-838.0,-502.5531847133758
5691,-488.5,-502.5487106017192
5692,-464.5,-502.53660089115215
5693,-464.5,-502.5244988864143
5694,-464.5,-502.5124045801527
5695,-464.5,-502.50031796502384
5696,-464.5,-502.48823903369356
5697,-464.5,-502.476167778837
5698,-464.5,-502.4641041931385
5699,-536.5,-502.4749126706891
5700,-500.5,-502.4742857142857
5701,-464.5,-502.4622342113615
5702,-464.5,-502.45019035532994
5703,-464.5,-502.4381541389153
5704,-476.5,-502.42993024730504
5705,-464.5,-502.41790808240887
5706,-499.0,-502.41682509505705
5707,-464.5,-502.4048146974976
5708,-464.5,-502.3928119062698
5709,-464.5,-502.38081671415006
5710,-535.0,-502.39113924050633
5711,-464.5,-502.3791521670357
5712,-464.5,-502.36717267552183
5713,-464.5,-502.3552007587733
5714,-520.0,-502.36077749683943
5715,-502.0,-502.360663507109
5716,-464.5,-502.3487049905243
5717,-464.5,-502.336754025892
5718,-464.5,-502.3248106060606
5719,-464.5,-502.31287472388766
5720,-530.5,-502.3217665615142
5721,-502.0,-502.321665089877
5722,-464.5,-502.30974148802017
5723,-464.5,-502.29782540182794
5724,-464.5,-502.2859168241966
5725,-464.5,-502.2740157480315
5726,-608.5,-502.3074622166247
5727,-608.5,-502.3408876298395
5728,-464.5,-502.32898049087476
5729,-475.0,-502.32038376848067
5730,-491.5,-502.31698113207545
5731,-476.5,-502.30886513674943
5732,-557.5,-502.32620993086107
5733,-632.5,-502.36710650329877
5734,-476.5,-502.3589824120603
5735,-553.0,-502.37488226059656
5736,-464.5,-502.36299435028246
5737,-493.0,-502.36005647944774
5738,-499.0,-502.3590025094103
5739,-475.0,-502.35042333019754
5740,-475.0,-502.3418495297806
5741,-487.0,-502.3370416797242
5742,-571.0,-502.35855263157896
5743,-464.5,-502.3466958972753
5744,-464.5,-502.3348465873513
5745,-464.5,-502.3230046948357
5746,-464.5,-502.31117021276594
5747,-464.5,-502.2993431341883
5748,-820.0,-502.3986866791745
5749,-536.5,-502.4093466708346
5750,-604.0,-502.44109375
5751,-574.0,-502.4634489222118
5752,-464.5,-502.4515927545284
5753,-557.5,-502.4687792694349
5754,-464.5,-502.4569288389513
5755,-464.5,-502.44508580343216
5756,-464.5,-502.4332501559576
5757,-464.5,-502.42142188961645
5758,-464.5,-502.40960099750623
5759,-574.0,-502.4319102524151
5760,-476.5,-502.42383177570093
5761,-464.5,-502.41202117720337
5762,-464.5,-502.4002179327522
5763,-464.5,-502.38842203548086
5764,-649.0,-502.43403858120723
5765,-587.5,-502.46049766718505
5766,-464.5,-502.44869402985074
5767,-604.0,-502.48026111283804
5768,-464.5,-502.4684586699814
5769,-464.5,-502.45666356011185
5770,-464.5,-502.4448757763975
5771,-464.5,-502.4330953120149
5772,-464.5,-502.421322160149
5773,-464.5,-502.40955631399316
5774,-464.5,-502.39779776674936
5775,-464.5,-502.3860465116279
5776,-590.5,-502.4133601983881
5777,-464.5,-502.4016114037806
5778,-464.5,-502.38986988847586
5779,-617.5,-502.4255187364509
5780,-553.0,-502.44117647058823
5781,-464.5,-502.42943361188486
5782,-464.5,-502.417698019802
5783,-476.5,-502.4096814104547
5784,-464.5,-502.3979591836735
5785,-475.0,-502.38948995363216
5786,-464.5,-502.37778121137205
5787,-464.5,-502.3660797034291
5788,-554.5,-502.3821803582458
5789,-475.0,-502.37372645878355
5790,-464.5,-502.36203703703706
5791,-464.5,-502.35035482875656
5792,-535.0,-502.3604256631709
5793,-464.5,-502.34875115633673
5794,-578.5,-502.37222564734896
5795,-488.5,-502.36795069337444
5796,-718.0,-502.4343807763401
5797,-464.5,-502.4226978749615
5798,-464.5,-502.41102216748766
5799,-464.5,-502.3993536472761
5800,-464.5,-502.3876923076923
5801,-464.5,-502.37603814211013
5802,-464.5,-502.36439114391146
5803,-527.5,-502.37211804488163
5804,-464.5,-502.36047940995695
5805,-464.5,-502.3488479262673
5806,-464.5,-502.3372235872236
5807,-535.0,-502.3472520724593
5808,-512.5,-502.3503683241252
5809,-542.5,-502.3626879410862
5810,-464.5,-502.3510736196319
5811,-551.5,-502.36614535418585
5812,-464.5,-502.3545370938075
5813,-464.5,-502.3429359485136
5814,-464.5,-502.3313419117647
5815,-502.0,-502.3312404287902
5816,-464.5,-502.319657072872
5817,-464.5,-502.30808080808083
5818,-500.5,-502.3075275397797
5819,-464.5,-502.2959620679107
5820,-464.5,-502.2844036697248
5821,-592.0,-502.3118312442678
5822,-464.5,-502.3002750611247
5823,-547.0,-502.31393217231897
5824,-464.5,-502.3023824068418
5825,-479.5,-502.2954198473282
5826,-536.5,-502.3058608058608
5827,-464.5,-502.2943240768996
5828,-464.5,-502.28279438682125
5829,-541.0,-502.2946020128088
5830,-632.5,-502.3342987804878
5831,-476.5,-502.3264248704663
5832,-464.5,-502.3148994515539
5833,-479.5,-502.3079500456899
5834,-464.5,-502.29643727162
5835,-464.5,-502.2849315068493
5836,-683.5,-502.34007912355446
5837,-464.5,-502.328567082446
5838,-518.5,-502.3334854014599
5839,-464.5,-502.3219823654606
5840,-464.5,-502.31048632218847
5841,-464.5,-502.2989972652689
5842,-464.5,-502.28751518833536
5843,-464.5,-502.27604008502885
5844,-464.5,-502.2645719489982
5845,-490.0,-502.2608497723824
5846,-464.5,-502.24939320388347
5847,-464.5,-502.23794358507735
5848,-464.5,-502.2265009096422
5849,-521.5,-502.2323431342831
5850,-464.5,-502.2209090909091
5851,-538.0,-502.2317479551651
5852,-464.5,-502.2203210175651
5853,-530.5,-502.22888283378745
5854,-464.5,-502.2174636803874
5855,-464.5,-502.20605143721633
5856,-464.5,-502.1946460980036
5857,-464.5,-502.18324765648623
5858,-464.5,-502.1718561064087
5859,-479.5,-502.1650045330916
5860,-464.5,-502.1536253776435
5861,-871.0,-502.2650256720024
5862,-464.5,-502.2536231884058
5863,-464.5,-502.2422275882886
5864,-500.5,-502.24170187085093
5865,-524.5,-502.24841628959274
5866,-523.0,-502.25467430639327
5867,-464.5,-502.2432921314441
5868,-493.0,-502.24050632911394
5869,-464.5,-502.22913528171136
5870,-464.5,-502.21777108433736
5871,-464.5,-502.206413730804
5872,-539.5,-502.21763997591813
5873,-464.5,-502.20628949744207
5874,-464.5,-502.1949458483754
5875,-464.5,-502.18360902255637
5876,-464.5,-502.1722790138304
5877,-464.5,-502.1609558160505
5878,-464.5,-502.1496394230769
5879,-464.5,-502.1383298287774
5880,-589.0,-502.1644144144144
5881,-464.5,-502.1531071750225
5882,-464.5,-502.14180672268907
5883,-476.5,-502.13411341134116
5884,-476.5,-502.126424715057
5885,-464.5,-502.1151424287856
5886,-496.0,-502.113309352518
5887,-476.5,-502.1056338028169
5888,-464.5,-502.09436788496106
5889,-541.0,-502.10601976639714
5890,-569.5,-502.12619760479043
5891,-602.5,-502.156240646513
5892,-464.5,-502.14497307001795
5893,-464.5,-502.1337122345199
5894,-464.5,-502.1224581339713
5895,-464.5,-502.11121076233184
5896,-464.5,-502.0999701135684
5897,-464.5,-502.08873618165524
5898,-464.5,-502.0775089605735
5899,-464.5,-502.06628844431174
5900,-464.5,-502.0550746268657
5901,-464.5,-502.04386750223813
5902,-547.0,-502.0572792362768
5903,-464.5,-502.04607813898
5904,-464.5,-502.0348837209302
5905,-529.0,-502.0429210134128
5906,-464.5,-502.0317342073898
5907,-464.5,-502.0205540661305
5908,-464.5,-502.00938058368075
5909,-569.5,-502.02947305745755
5910,-464.5,-502.0183035714286
5911,-464.5,-502.007140731925
5912,-464.5,-501.99598453301604
5913,-464.5,-501.9848349687779
5914,-568.0,-502.00445897740786
5915,-464.5,-501.9933135215453
5916,-464.5,-501.98217468805706
5917,-479.5,-501.9754974754975
5918,-605.5,-502.0062351543943
5919,-464.5,-501.9951024042743
5920,-517.0,-501.99955489614246
5921,-476.5,-501.9919905072679
5922,-706.0,-502.05249110320284
5923,-464.5,-502.041357841684
5924,-464.5,-502.0302311796088
5925,-524.5,-502.0368888888889
5926,-502.0,-502.0368779620853
5927,-464.5,-502.0257625111045
5928,-535.0,-502.0355239786856
5929,-491.5,-502.03240603728915
5930,-464.5,-502.02130177514795
5931,-607.0,-502.05235137533276
5932,-464.5,-502.0412477823773
5933,-487.0,-502.0368016553355
5934,-464.5,-502.02570921985813
5935,-535.0,-502.0354505169867
5936,-464.5,-502.0243650324867
5937,-464.5,-502.0132860938884
5938,-535.0,-502.02302243211335
5939,-667.0,-502.07170256712897
5940,-464.5,-502.06061946902656
5941,-464.5,-502.04954290769683
5942,-464.5,-502.0384728773585
5943,-569.5,-502.0583554376658
5944,-524.5,-502.06496758986447
5945,-524.5,-502.0715758468336
5946,-464.5,-502.0605123674912
5947,-646.0,-502.1028848984398
5948,-464.5,-502.0918187168923
5949,-464.5,-502.08075904677844
5950,-535.0,-502.09044117647056
5951,-811.0,-502.1812702146428
5952,-476.5,-502.173721340388
5953,-598.0,-502.20188069350576
5954,-479.5,-502.19521151586366
5955,-475.0,-502.18722466960355
5956,-502.0,-502.1871697005285
5957,-475.0,-502.1791899031406
5958,-524.5,-502.1857394366197
5959,-464.5,-502.17468465825755
5960,-464.5,-502.1636363636364
5961,-479.5,-502.1569920844327
5962,-625.0,-502.1929953106682
5963,-476.5,-502.18546733079404
5964,-464.5,-502.1744288224956
5965,-584.5,-502.19853587115665
5966,-476.5,-502.1910128805621
5967,-476.5,-502.1834942932397
5968,-580.0,-502.2062609713283
5969,-475.0,-502.19830359754314
5970,-475.0,-502.190350877193
5971,-475.0,-502.18240280619705
5972,-475.0,-502.1744593804793
5973,-464.5,-502.1634531113059
5974,-464.5,-502.15245327102804
5975,-464.5,-502.1414598540146
5976,-464.5,-502.13047285464097
5977,-464.5,-502.11949226728916
5978,-464.5,-502.1085180863477
5979,-464.5,-502.0975503062117
5980,-524.5,-502.10408163265305
5981,-500.5,-502.10361410667446
5982,-464.5,-502.09265734265733
5983,-464.5,-502.08170696184095
5984,-464.5,-502.0707629586488
5985,-464.5,-502.0598253275109
5986,-464.5,-502.0488940628638
5987,-464.5,-502.0379691591504
5988,-464.5,-502.02705061082025
5989,-529.0,-502.0348938644955
5990,-464.5,-502.02398255813955
5991,-464.5,-502.01307759372276
5992,-464.5,-502.00217896571763
5993,-464.5,-501.991286668603
5994,-464.5,-501.98040069686414
5995,-517.0,-501.98476052249634
5996,-638.5,-502.0243760882182
5997,-508.0,-502.02610966057443
5998,-464.5,-502.01522621809744
5999,-464.5,-502.0043490866918
6000,-512.5,-502.00739130434783
6001,-464.5,-501.99652274702987
6002,-464.5,-501.9856604866744
6003,-542.5,-501.997393570808
6004,-491.5,-501.99435437174293
6005,-476.5,-501.98697539797394
6006,-500.5,-501.9865451388889
6007,-464.5,-501.97570147526756
6008,-464.5,-501.96486408328514
6009,-464.5,-501.9540329575022
6010,-464.5,-501.9432080924856
6011,-464.5,-501.93238948280845
6012,-464.5,-501.92157712305027
6013,-637.0,-501.9605833092694
6014,-464.5,-501.9497690531178
6015,-592.0,-501.9757575757576
6016,-464.5,-501.9649451817657
6017,-632.5,-502.00259590423997
6018,-464.5,-501.9917820069204
6019,-464.5,-501.9809743441914
6020,-464.5,-501.9701729106628
6021,-464.5,-501.9593777009507
6022,-508.0,-501.96111751152074
6023,-464.5,-501.9503311258278
6024,-464.5,-501.93955094991367
6025,-539.5,-501.95035971223024
6026,-538.0,-501.96073072497126
6027,-464.5,-501.9499568593615
6028,-626.5,-501.9857676825762
6029,-475.0,-501.97801092267895
6030,-464.5,-501.96724137931034
6031,-464.5,-501.95647802355643
6032,-535.0,-501.96596783457784
6033,-464.5,-501.95521102497844
6034,-464.5,-501.9444603903559
6035,-493.0,-501.941893830703
6036,-592.0,-501.96772805507743
6037,-464.5,-501.95698308001147
6038,-464.5,-501.94624426605503
6039,-523.0,-501.95227858985385
6040,-464.5,-501.941547277937
6041,-464.5,-501.93082211400747
6042,-464.5,-501.9201030927835
6043,-580.0,-501.94245634125394
6044,-464.5,-501.93174012593016
6045,-464.5,-501.92103004291846
6046,-464.5,-501.9103260869565
6047,-464.5,-501.8996282527881
6048,-464.5,-501.88893653516294
6049,-464.5,-501.8782509288368
6050,-529.0,-501.886
6051,-524.5,-501.89245929734363
6052,-523.0,-501.89848657909766
6053,-476.5,-501.8912360833571
6054,-476.5,-501.8839897260274
6055,-490.0,-501.8805991440799
6056,-464.5,-501.8699372504278
6057,-544.0,-501.8819503849444
6058,-464.5,-501.8712941847206
6059,-476.5,-501.8640638358507
6060,-464.5,-501.8534188034188
6061,-508.0,-501.85516946738824
6062,-464.5,-501.84453302961276
6063,-566.5,-501.86293766011954
6064,-464.5,-501.85230506545247
6065,-524.5,-501.8587482219061
6066,-464.5,-501.8481228668942
6067,-476.5,-501.84091555302814
6068,-464.5,-501.8303013075611
6069,-464.5,-501.81969309462914
6070,-487.0,-501.8154829545455
6071,-464.5,-501.8048849758591
6072,-487.0,-501.8006814310051
6073,-464.5,-501.7900936701675
6074,-464.5,-501.7795119182747
6075,-464.5,-501.7689361702128
6076,-476.5,-501.7617697107204
6077,-464.5,-501.75120499007653
6078,-464.5,-501.7406462585034
6079,-542.5,-501.75219608954376
6080,-464.5,-501.74164305949006
6081,-464.5,-501.7310960067969
6082,-464.5,-501.7205549263873
6083,-464.5,-501.71001981318994
6084,-464.5,-501.6994906621392
6085,-464.5,-501.6889674681754
6086,-476.5,-501.6818438914027
6087,-464.5,-501.6713316369805
6088,-464.5,-501.6608253250424
6089,-572.5,-501.68084204577565
6090,-464.5,-501.67033898305084
6091,-464.5,-501.659841852584
6092,-620.5,-501.69339356295876
6093,-464.5,-501.68289585097375
6094,-662.5,-501.7282731376975
6095,-524.5,-501.7346967559944
6096,-464.5,-501.72419627749576
6097,-464.5,-501.7137017197632
6098,-464.5,-501.7032130777903
6099,-464.5,-501.6927303465765
6100,-464.5,-501.68225352112677
6101,-464.5,-501.6717825964517
6102,-464.5,-501.66131756756755
6103,-541.0,-501.6723895299747
6104,-464.5,-501.661930219471
6105,-512.5,-501.6649789029536
6106,-464.5,-501.6545275590551
6107,-464.5,-501.64408209165026
6108,-521.5,-501.64966273187184
6109,-464.5,-501.6392245012644
6110,-464.5,-501.6287921348315
6111,-464.5,-501.61836562763267
6112,-569.5,-501.6374227961819
6113,-580.0,-501.6594162222846
6114,-512.5,-501.6624579124579
6115,-464.5,-501.65203366058904
6116,-464.5,-501.6416152551879
6117,-464.5,-501.63120269133725
6118,-464.5,-501.62079596412553
6119,-634.0,-501.6578873634071
6120,-502.0,-501.6579831932773
6121,-685.0,-501.7093251190143
6122,-491.5,-501.70646696528553
6123,-464.5,-501.696053736356
6124,-464.5,-501.68564633463905
6125,-476.5,-501.6786013986014
6126,-637.0,-501.71644295302013
6127,-475.0,-501.7089740005591
6128,-464.5,-501.69857462269425
6129,-464.5,-501.68818105616094
6130,-464.5,-501.67779329608936
6131,-464.5,-501.6674113376152
6132,-464.5,-501.6570351758794
6133,-464.5,-501.64666480602847
6134,-464.5,-501.6363002232143
6135,-464.5,-501.62594142259417
6136,-535.0,-501.6352481873954
6137,-464.5,-501.62489545581263
6138,-464.5,-501.6145484949833
6139,-535.0,-501.6238506547785
6140,-529.0,-501.6314763231198
6141,-464.5,-501.62113617376775
6142,-464.5,-501.61080178173717
6143,-464.5,-501.600473142221
6144,-575.5,-501.6210350584307
6145,-542.5,-501.63240611961055
6146,-638.5,-501.67046718576194
6147,-464.5,-501.6601334445371
6148,-536.5,-501.6698165647582
6149,-464.5,-501.6594887468741
6150,-496.0,-501.65791666666667
6151,-464.5,-501.64759788947515
6152,-464.5,-501.6372848417546
6153,-464.5,-501.6269775187344
6154,-545.5,-501.6391509433962
6155,-605.5,-501.66796116504855
6156,-535.0,-501.6772046589018
6157,-529.0,-501.6847795952315
6158,-464.5,-501.6744733924612
6159,-464.5,-501.66417290108063
6160,-464.5,-501.6538781163435
6161,-539.5,-501.6643589033509
6162,-464.5,-501.65406976744185
6163,-530.5,-501.66205369499033
6164,-464.5,-501.65177089097955
6165,-536.5,-501.6614107883817
6166,-464.5,-501.65113384955754
6167,-602.5,-501.67901575891625
6168,-464.5,-501.6687396351575
6169,-464.5,-501.6584691903841
6170,-763.0,-501.7306629834254
6171,-535.0,-501.7398508699254
6172,-464.5,-501.72956929873
6173,-464.5,-501.719293403257
6174,-464.5,-501.70902317880797
6175,-500.5,-501.7086896551724
6176,-490.0,-501.70546056260343
6177,-464.5,-501.6952026468156
6178,-487.0,-501.69115214994486
6179,-524.5,-501.6974373105539
6180,-518.5,-501.7020661157025
6181,-464.5,-501.69182043514184
6182,-631.0,-501.727422907489
6183,-490.0,-501.72419488026424
6184,-584.5,-501.7469730324711
6185,-464.5,-501.73672627235214
6186,-637.0,-501.77392739273927
6187,-487.0,-501.7698652735771
6188,-464.5,-501.7596206706982
6189,-464.5,-501.74938169826873
6190,-679.0,-501.7980769230769
6191,-464.5,-501.78783301290855
6192,-464.5,-501.7775947281713
6193,-464.5,-501.76736206423277
6194,-464.5,-501.75713501646544
6195,-563.5,-501.77407407407406
6196,-689.5,-501.825562260011
6197,-464.5,-501.8153276665753
6198,-476.5,-501.80838815789474
6199,-542.5,-501.8195395998904
6200,-476.5,-501.812602739726
6201,-464.5,-501.80238290879214
6202,-464.5,-501.7921686746988
6203,-536.5,-501.8016698603887
6204,-464.5,-501.7914614121511
6205,-464.5,-501.7812585499316
6206,-464.5,-501.7710612691466
6207,-542.5,-501.7821985233798
6208,-464.5,-501.77200656096227
6209,-607.0,-501.8007652364034
6210,-464.5,-501.7905737704918
6211,-464.5,-501.7803878721661
6212,-464.5,-501.7702075368651
6213,-464.5,-501.76003276003274
6214,-464.5,-501.7498635371179
6215,-586.0,-501.77285129604365
6216,-502.0,-501.7729132569558
6217,-464.5,-501.76274884101446
6218,-545.5,-501.7746728462377
6219,-464.5,-501.76451349141456
6220,-464.5,-501.7543596730245
6221,-512.5,-501.7572868428221
6222,-542.5,-501.76838235294116
6223,-464.5,-501.7582357745712
6224,-464.5,-501.7480947196516
6225,-464.5,-501.73795918367347
6226,-743.5,-501.8037268770403
6227,-464.5,-501.79358172423173
6228,-464.5,-501.78344208809136
6229,-476.5,-501.7765697200326
6230,-464.5,-501.7664402173913
6231,-520.0,-501.7713936430318
6232,-464.5,-501.7612710483433
6233,-595.0,-501.7865870214499
6234,-1178.5,-501.9702768729642
6235,-479.5,-501.96417910447764
6236,-464.5,-501.9540151926207
6237,-464.5,-501.9438567941416
6238,-464.5,-501.93370390455533
6239,-464.5,-501.9235565193819
6240,-490.0,-501.92032520325205
6241,-464.5,-501.91018694120834
6242,-586.0,-501.932963163597
6243,-464.5,-501.9228269699431
6244,-464.5,-501.91269626421223
6245,-476.5,-501.90581867388363
6246,-464.5,-501.89569805194805
6247,-535.0,-501.9046524208818
6248,-464.5,-501.89453758788534
6249,-464.5,-501.8844282238443
6250,-464.5,-501.87432432432433
6251,-893.5,-501.9801405025669
6252,-464.5,-501.97001620745544
6253,-464.5,-501.9598973805023
6254,-464.5,-501.9497840172786
6255,-592.0,-501.9740890688259
6256,-464.5,-501.9639773340529
6257,-464.5,-501.95387105476124
6258,-464.5,-501.9437702265372
6259,-464.5,-501.9336748449717
6260,-772.0,-502.00646900269544
6261,-1105.0,-502.1689571544058
6262,-464.5,-502.1588092672414
6263,-812.5,-502.2423915970913
6264,-464.5,-502.23222940226174
6265,-464.5,-502.2220726783311
6266,-464.5,-502.2119214208827
6267,-464.5,-502.20177562550447
6268,-464.5,-502.19163528778915
6269,-575.5,-502.211347136327
6270,-464.5,-502.20120967741934
6271,-464.5,-502.1910776672937
6272,-464.5,-502.1809511015583
6273,-532.0,-502.1889605157131
6274,-464.5,-502.17883995703545
6275,-550.0,-502.191677852349
6276,-524.5,-502.19766505636073
6277,-464.5,-502.18755030855914
6278,-464.5,-502.17744098712444
6279,-611.5,-502.20675784392597
6280,-476.5,-502.19986595174265
6281,-464.5,-502.18976145805414
6282,-518.5,-502.19413183279744
6283,-464.5,-502.18403428877576
6284,-464.5,-502.17394215318694
6285,-464.5,-502.1638554216867
6286,-464.5,-502.1537740899358
6287,-499.0,-502.15293015788063
6288,-464.5,-502.14285714285717
6289,-464.5,-502.1327895159134
6290,-464.5,-502.1227272727273
6291,-464.5,-502.11267040898156
6292,-569.5,-502.1306787814003
6293,-464.5,-502.12062516697836
6294,-586.0,-502.14302884615387
6295,-517.0,-502.14699599465956
6296,-464.5,-502.1369460758142
6297,-581.5,-502.15812650120097
6298,-589.0,-502.18129669156883
6299,-569.5,-502.1992531341691
6300,-535.0,-502.208
6301,-502.0,-502.2079445481205
6302,-464.5,-502.19789445629
6303,-545.5,-502.20943245403674
6304,-464.5,-502.1993873201918
6305,-476.5,-502.1925432756325
6306,-464.5,-502.18250798722045
6307,-464.5,-502.17247804099014
6308,-508.0,-502.17402873869077
6309,-578.5,-502.1943335993615
6310,-464.5,-502.1843085106383
6311,-464.5,-502.17428875299123
6312,-464.5,-502.16427432216904
6313,-464.5,-502.15426521392504
6314,-464.5,-502.14426142401703
6315,-464.5,-502.13426294820715
6316,-464.5,-502.12426978226233
6317,-464.5,-502.1142819219538
6318,-535.0,-502.12300955414014
6319,-464.5,-502.11302732820377
6320,-524.5,-502.1189655172414
6321,-464.5,-502.1089896579157
6322,-500.5,-502.1085630965005
6323,-464.5,-502.0985952822688
6324,-605.5,-502.1259936406995
6325,-479.5,-502.12
6326,-464.5,-502.11003707627117
6327,-464.5,-502.10007942811757
6328,-496.0,-502.09846479618847
6329,-655.0,-502.13892564170413
6330,-464.5,-502.12896825396825
6331,-464.5,-502.1190161332981
6332,-602.5,-502.1455579058699
6333,-464.5,-502.1356066613799
6334,-544.0,-502.14667019027485
6335,-556.0,-502.16089828269486
6336,-464.5,-502.15095087163235
6337,-464.5,-502.14100871402167
6338,-464.5,-502.1310718057022
6339,-464.5,-502.1211401425178
6340,-476.5,-502.11437994722957
6341,-464.5,-502.10445792666843
6342,-476.5,-502.0977056962025
6343,-539.5,-502.10756656999735
6344,-464.5,-502.0976541908276
6345,-464.5,-502.0877470355731
6346,-580.0,-502.1082718651212
6347,-464.5,-502.09836713194625
6348,-499.0,-502.097551342812
6349,-464.5,-502.08765464595945
6350,-493.0,-502.08526315789476
6351,-464.5,-502.0753749013418
6352,-464.5,-502.06549184639664
6353,-464.5,-502.0556139889561
6354,-464.5,-502.04574132492115
6355,-488.5,-502.04218134034164
6356,-464.5,-502.0323173935891
6357,-464.5,-502.0224586288416
6358,-500.5,-502.0220588235294
6359,-536.5,-502.03111052769754
6360,-464.5,-502.02125984251967
6361,-464.5,-502.0114143269483
6362,-512.5,-502.014165792235
6363,-464.5,-502.0043273013375
6364,-464.5,-501.99449396958573
6365,-499.0,-501.9937090432503
6366,-583.0,-502.01493710691824
6367,-475.0,-502.0078595755829
6368,-464.5,-501.99803562074385
6369,-464.5,-501.9882168106834
6370,-464.5,-501.97840314136124
6371,-464.5,-501.96859460874117
6372,-535.0,-501.97723704866564
6373,-464.5,-501.96743395239343
6374,-464.5,-501.9576359832636
6375,-535.0,-501.9662745098039
6376,-488.5,-501.9627548353372
6377,-464.5,-501.9529657695323
6378,-464.5,-501.9431818181818
6379,-542.5,-501.95377383128755
6380,-599.5,-501.97924281984336
6381,-464.5,-501.9694596711042
6382,-464.5,-501.9596816283925
6383,-476.5,-501.95303939472996
6384,-464.5,-501.94327073552427
6385,-487.0,-501.9393741851369
6386,-464.5,-501.929614181439
6387,-464.5,-501.91985926505083
6388,-464.5,-501.9101094319958
6389,-464.5,-501.9003646783016
6390,-475.0,-501.893359375
6391,-500.5,-501.8929966154647
6392,-808.0,-501.97267048412283
6393,-464.5,-501.96291959406716
6394,-518.5,-501.9672216441207
6395,-464.5,-501.95747724317295
6396,-464.5,-501.9477379095164
6397,-464.5,-501.9380036391994
6398,-476.5,-501.9313929313929
6399,-464.5,-501.92166796570535
6400,-487.0,-501.9177922077922
6401,-611.5,-501.9462477278629
6402,-464.5,-501.9365264797508
6403,-538.0,-501.9458863223462
6404,-568.0,-501.9630254281266
6405,-464.5,-501.9533073929961
6406,-571.0,-501.97121369294604
6407,-529.0,-501.978221415608
6408,-464.5,-501.9685069984448
6409,-490.0,-501.9654055454781
6410,-502.0,-501.96541450777204
6411,-464.5,-501.95571095571097
6412,-464.5,-501.9460124287934
6413,-464.5,-501.93631892311674
6414,-475.0,-501.92934782608694
6415,-464.5,-501.9196636481242
6416,-464.5,-501.90998448008276
6417,-464.5,-501.90031031807604
6418,-464.5,-501.8906411582213
6419,-464.5,-501.88097699663996
6420,-487.0,-501.87713178294575
6421,-529.0,-501.88413846551276
6422,-583.0,-501.90508780991735
6423,-464.5,-501.8954298993029
6424,-575.5,-501.91442953020135
6425,-464.5,-501.9047741935484
6426,-464.5,-501.8951238390093
6427,-476.5,-501.8885736394119
6428,-464.5,-501.87893243940175
6429,-476.5,-501.8723897911833
6430,-464.5,-501.86275773195877
6431,-542.5,-501.87322854934297
6432,-496.0,-501.87171561051
6433,-595.0,-501.8956992016482
6434,-535.0,-501.90422245108135
6435,-464.5,-501.8945945945946
6436,-592.0,-501.9177817807514
6437,-608.5,-501.9452019552354
6438,-464.5,-501.93557098765433
6439,-569.5,-501.9529442015942
6440,-557.5,-501.9672236503856
6441,-464.5,-501.95759444872783
6442,-464.5,-501.9479701952724
6443,-512.5,-501.9506807089648
6444,-542.5,-501.961093990755
6445,-464.5,-501.9514762516046
6446,-545.5,-501.96265400410675
6447,-634.0,-501.99653579676675
6448,-464.5,-501.9869163673679
6449,-464.5,-501.97730187227495
6450,-464.5,-501.9676923076923
6451,-464.5,-501.9580876698283
6452,-491.5,-501.9554074833419
6453,-464.5,-501.94581091468103
6454,-464.5,-501.9362192622951
6455,-464.5,-501.92663252240715
6456,-691.0,-501.97503840245776
6457,-962.5,-502.09291016124905
6458,-464.5,-502.0832906857728
6459,-464.5,-502.0736761320031
6460,-464.5,-502.06406649616366
6461,-464.5,-502.0544617744822
6462,-464.5,-502.04486196319016
6463,-583.0,-502.0655507283414
6464,-568.0,-502.0823965252938
6465,-530.5,-502.0896551724138
6466,-496.0,-502.08810010214506
6467,-536.5,-502.09688537145774
6468,-635.5,-502.13093415007654
6469,-464.5,-502.12133197244196
6470,-500.5,-502.1209183673469
6471,-535.0,-502.12930374904363
6472,-464.5,-502.11970933197347
6473,-464.5,-502.1101198062707
6474,-464.5,-502.10053516819573
6475,-464.5,-502.09095541401274
6476,-464.5,-502.0813805399898
6477,-529.0,-502.0882352941176
6478,-464.5,-502.07866598778
6479,-464.5,-502.0691015525579
6480,-581.5,-502.0893129770992
6481,-535.0,-502.0976850674129
6482,-464.5,-502.08812309257377
6483,-464.5,-502.0785659801678
6484,-464.5,-502.069013726487
6485,-643.0,-502.1048284625159
6486,-464.5,-502.0952743902439
6487,-464.5,-502.08572517145035
6488,-464.5,-502.07618080243776
6489,-595.0,-502.0997715156131
6490,-535.0,-502.10812182741114
6491,-464.5,-502.0985790408526
6492,-464.5,-502.0890410958904
6493,-502.0,-502.08901851382194
6494,-464.5,-502.0794878296146
6495,-464.5,-502.0699619771863
6496,-464.5,-502.06044095286364
6497,-565.0,-502.07638712946545
6498,-464.5,-502.06686930091183
6499,-464.5,-502.0573562927323
6500,-464.5,-502.0478481012658
6501,-464.5,-502.03834472285496
6502,-547.0,-502.04972165991904
6503,-464.5,-502.0402226157349
6504,-464.5,-502.0307283763278
6505,-616.0,-502.05954487989885
6506,-464.5,-502.0500505561173
6507,-464.5,-502.04056103108417
6508,-464.5,-502.0310763011622
6509,-464.5,-502.02159636271784
6510,-608.5,-502.04848484848486
6511,-500.5,-502.04809391567784
6512,-464.5,-502.03861686017166
6513,-539.5,-502.0480696442089
6514,-464.5,-502.0385973763875
6515,-539.5,-502.04804539722574
6516,-545.5,-502.0590015128593
6517,-508.0,-502.0604991177212
6518,-464.5,-502.051033266129
6519,-530.5,-502.05820105820106
6520,-464.5,-502.04874055415615
6521,-464.5,-502.03928481490806
6522,-464.5,-502.029833836858
6523,-464.5,-502.0203876164108
6524,-464.5,-502.0109461499748
6525,-464.5,-502.00150943396227
6526,-464.5,-501.99207746478874
6527,-464.5,-501.98265023887353
6528,-464.5,-501.9732277526395
6529,-493.0,-501.97097260618244
6530,-464.5,-501.96155778894473
6531,-517.0,-501.9653353428787
6532,-464.5,-501.95592667001506
6533,-464.5,-501.9465227215667
6534,-752.5,-502.0094126506024
6535,-464.5,-502.0
6536,-464.5,-501.99059207225287
6537,-533.5,-501.99849510910457
6538,-493.0,-501.99623871614847
6539,-464.5,-501.9868388067185
6540,-514.0,-501.9898496240601
6541,-593.5,-502.01277875219245
6542,-476.5,-502.0063877755511
6543,-464.5,-501.99699474079637
6544,-613.0,-502.02478718077117
6545,-464.5,-502.0153942428035
6546,-764.5,-502.0810810810811
6547,-464.5,-502.0716787590693
6548,-563.5,-502.0870435217609
6549,-464.5,-502.07764441110277
6550,-464.5,-502.06825
6551,-464.5,-502.05886028492876
6552,-464.5,-502.0494752623688
6553,-676.0,-502.0929303022733
6554,-611.5,-502.1202547452547
6555,-464.5,-502.11086142322097
6556,-476.5,-502.1044682975537
6557,-464.5,-502.0950836036935
6558,-569.5,-502.11190119760477
6559,-658.0,-502.15078573210275
6560,-464.5,-502.1413965087282
6561,-529.0,-502.1480927449514
6562,-464.5,-502.13870887337987
6563,-464.5,-502.1293296785447
6564,-496.0,-502.12780269058294
6565,-490.0,-502.1247820672478
6566,-539.5,-502.13408864541833
6567,-464.5,-502.1247199402539
6568,-464.5,-502.1153558984569
6569,-464.5,-502.1059965165464
6570,-464.5,-502.09664179104476
6571,-464.5,-502.087291718478
6572,-464.5,-502.07794629537545
6573,-464.5,-502.06860551827
6574,-643.0,-502.1036282306163
6575,-464.5,-502.0942857142857
6576,-464.5,-502.0849478390462
6577,-464.5,-502.0756146014403
6578,-464.5,-502.0662859980139
6579,-464.5,-502.05696202531647
6580,-464.5,-502.0476426799007
6581,-521.5,-502.05246837013146
6582,-464.5,-502.04315476190476
6583,-464.5,-502.0338457723779
6584,-529.0,-502.04053049082796
6585,-464.5,-502.03122676579926
6586,-464.5,-502.0219276511397
6587,-464.5,-502.01263314342333
6588,-464.5,-502.0033432392273
6589,-464.5,-501.99405793513245
6590,-464.5,-501.98477722772276
6591,-731.5,-502.0415738678545
6592,-502.0,-502.041563582385
6593,-464.5,-502.0322780113777
6594,-512.5,-502.0348664688427
6595,-464.5,-502.025587144623
6596,-539.5,-502.03484923381114
6597,-464.5,-502.02557449962933
6598,-464.5,-502.01630434782606
6599,-569.5,-502.0329711039763
6600,-464.5,-502.0237037037037
6601,-464.5,-502.01444087879537
6602,-464.5,-502.00518262586377
6603,-464.5,-501.9959289415248
6604,-464.5,-501.9866798223976
6605,-526.0,-501.9926017262639
6606,-464.5,-501.98335798816566
6607,-512.5,-501.98595020951444
6608,-464.5,-501.9767126663381
6609,-464.5,-501.9674796747967
6610,-527.5,-501.9737684729064
6611,-464.5,-501.96454075350897
6612,-517.0,-501.9682422451994
6613,-464.5,-501.959020428255
6614,-464.5,-501.9498031496063
6615,-554.5,-501.96273062730626
6616,-569.5,-501.97934087555336
6617,-496.0,-501.97787066633884
6618,-464.5,-501.96865781710915
6619,-517.0,-501.97235192922096
6620,-659.5,-502.0110565110565
6621,-487.0,-502.00736919675757
6622,-464.5,-501.99815815324166
6623,-529.0,-502.0047876258286
6624,-464.5,-501.99558173784976
6625,-556.0,-502.00883435582824
6626,-553.0,-502.02134445534836
6627,-464.5,-502.0121412803532
6628,-464.5,-502.00294261893083
6629,-464.5,-501.9937484677617
6630,-464.5,-501.9845588235294
6631,-574.0,-502.00220534182796
6632,-535.0,-502.01028907398336
6633,-464.5,-502.0011021307862
6634,-464.5,-501.9919196865818
6635,-490.0,-501.98898408812727
6636,-641.5,-502.023127753304
6637,-476.5,-502.0168827991192
6638,-539.5,-502.0260518590998
6639,-554.5,-502.03888481291267
6640,-464.5,-502.029706601467
6641,-464.5,-502.0205328770472
6642,-475.0,-502.0139296187683
6643,-464.5,-502.00476423161496
6644,-464.5,-501.99560332193454
6645,-464.5,-501.9864468864469
6646,-464.5,-501.977294921875
6647,-464.5,-501.9681474249451
6648,-554.5,-501.9809663250366
6649,-646.0,-502.01610148816786
6650,-464.5,-502.0069512195122
6651,-464.5,-501.9978054133138
6652,-479.5,-501.99232081911265
6653,-541.0,-502.0018279307823
6654,-535.0,-502.00986842105266
6655,-488.5,-502.0065773447016
6656,-464.5,-501.9974427666829
6657,-464.5,-501.98831263696127
6658,-464.5,-501.9791869522882
6659,-464.5,-501.97006570941835
6660,-475.0,-501.963503649635
6661,-476.5,-501.95730965701773
6662,-464.5,-501.94820038910507
6663,-529.0,-501.95477753464627
6664,-464.5,-501.94567331064655
6665,-464.5,-501.93657351154314
6666,-578.5,-501.9551749271137
6667,-464.5,-501.94607724070926
6668,-464.5,-501.93698397280235
6669,-464.5,-501.9278951201748
6670,-529.0,-501.93446601941747
6671,-464.5,-501.9253821887891
6672,-464.5,-501.91630276564774
6673,-580.0,-501.93524132912927
6674,-475.0,-501.92870999030066
6675,-464.5,-501.91963636363636
6676,-464.5,-501.91056713523994
6677,-464.5,-501.9015023019142
6678,-464.5,-501.8924418604651
6679,-571.0,-501.9091789779608
6680,-464.5,-501.9001210653753
6681,-476.5,-501.89397240377633
6682,-476.5,-501.8878267182962
6683,-718.0,-501.94011613839825
6684,-491.5,-501.93759071117563
6685,-544.0,-501.94776299879084
6686,-464.5,-501.93870889748547
6687,-464.5,-501.929659173314
6688,-464.5,-501.92061382310294
6689,-464.5,-501.91157284368205
6690,-464.5,-501.9025362318841
6691,-464.5,-501.8935039845448
6692,-524.5,-501.8989618541767
6693,-464.5,-501.88993482983346
6694,-464.5,-501.8809121621622
6695,-523.0,-501.8860072376357
6696,-464.5,-501.87698986975397
6697,-464.5,-501.8679768507355
6698,-464.5,-501.8589681774349
6699,-464.5,-501.84996384671007
6700,-464.5,-501.8409638554217
6701,-464.5,-501.8319682004336
6702,-464.5,-501.82297687861274
6703,-464.5,-501.8139898868288
6704,-464.5,-501.8050072219547
6705,-536.5,-501.813357400722
6706,-487.0,-501.80979307025984
6707,-464.5,-501.8008178975223
6708,-464.5,-501.79184704184706
6709,-464.5,-501.7828805001202
6710,-464.5,-501.77391826923076
6711,-464.5,-501.76496034607067
6712,-464.5,-501.75600672753484
6713,-476.5,-501.7499399471535
6714,-526.0,-501.7557636887608
6715,-464.5,-501.746818727491
6716,-464.5,-501.73787806048966
6717,-476.5,-501.73182145428365
6718,-476.5,-501.7257677543186
6719,-500.5,-501.72547373470854
6720,-557.5,-501.7388489208633
6721,-605.5,-501.76372572524576
6722,-520.0,-501.76809683604984
6723,-464.5,-501.75916606757727
6724,-464.5,-501.75023957834213
6725,-464.5,-501.7413173652695
6726,-464.5,-501.7323994252874
6727,-464.5,-501.7234857553268
6728,-464.5,-501.71457635232167
6729,-488.5,-501.7114142139268
6730,-464.5,-501.7025119617225
6731,-464.5,-501.6936139679502
6732,-464.5,-501.68472022955524
6733,-808.0,-501.75794884054505
6734,-575.5,-501.7755736137667
6735,-554.5,-501.7881720430108
6736,-464.5,-501.7792642140468
6737,-464.5,-501.77036064007643
6738,-464.5,-501.7614613180516
6739,-464.5,-501.7525662449272
6740,-529.0,-501.7590692124105
6741,-554.5,-501.7716535433071
6742,-464.5,-501.76276240458014
6743,-464.5,-501.75387550679704
6744,-512.5,-501.75643776824035
6745,-464.5,-501.74755661501786
6746,-475.0,-501.7411820781697
6747,-554.5,-501.75375268048606
6748,-464.5,-501.7448785135779
6749,-554.5,-501.75744224815435
6750,-464.5,-501.74857142857144
6751,-515.5,-501.7518447988574
6752,-464.5,-501.74297953355546
6753,-464.5,-501.7341184867951
6754,-464.5,-501.7252616555661
6755,-464.5,-501.71640903686085
6756,-464.5,-501.70756062767475
6757,-464.5,-501.69871642500595
6758,-545.5,-501.7091254752852
6759,-464.5,-501.70028510335
6760,-476.5,-501.6942992874109
6761,-575.5,-501.71182616955593
6762,-464.5,-501.70299145299145
6763,-557.5,-501.71623546166626
6764,-502.0,-501.71630280018985
6765,-464.5,-501.70747330960853
6766,-464.5,-501.6986480075901
6767,-464.5,-501.68982689115484
6768,-737.5,-501.74573257467995
6769,-536.5,-501.7539701351031
6770,-575.5,-501.77144549763034
6771,-535.0,-501.7793176972281
6772,-464.5,-501.7704879204169
6773,-464.5,-501.7616623253611
6774,-464.5,-501.75284090909093
6775,-574.0,-501.76994082840235
6776,-464.5,-501.76112162801707
6777,-464.5,-501.7523066004258
6778,-464.5,-501.7434957426679
6779,-464.5,-501.73468905178527
6780,-464.5,-501.72588652482267
6781,-464.5,-501.7170881588277
6782,-464.5,-501.70829395085065
6783,-464.5,-501.69950389794474
6784,-464.5,-501.6907179971658
6785,-464.5,-501.6819362455726
6786,-464.5,-501.67315864022663
6787,-490.0,-501.67040358744396
6788,-464.5,-501.66163284568194
6789,-464.5,-501.6528662420382
6790,-464.5,-501.6441037735849
6791,-464.5,-501.63534543739684
6792,-475.0,-501.62906647807637
6793,-464.5,-501.6203158142823
6794,-502.0,-501.6204052780396
6795,-502.0,-501.62049469964666
6796,-535.0,-501.6283560998587
6797,-464.5,-501.6196138450671
6798,-464.5,-501.6108757062147
6799,-512.5,-501.6134384561073
6800,-464.5,-501.60470588235296
6801,-464.5,-501.59597741707836
6802,-487.0,-501.5925446848542
6803,-464.5,-501.5838231836351
6804,-476.5,-501.57792665726373
6805,-464.5,-501.5692126909518
6806,-464.5,-501.56050281954884
6807,-541.0,-501.56976744186045
6808,-464.5,-501.56106153123534
6809,-502.0,-501.5611645926274
6810,-563.5,-501.5757042253521
6811,-517.0,-501.5793241023234
6812,-464.5,-501.5706241201314
6813,-560.5,-501.5844475721323
6814,-536.5,-501.59263602251406
6815,-464.5,-501.583939038687
6816,-493.0,-501.58192686357245
6817,-464.5,-501.5732364659011
6818,-566.5,-501.5884489222118
6819,-464.5,-501.57976106816585
6820,-553.0,-501.59180327868853
6821,-602.5,-501.61542964177005
6822,-464.5,-501.60674157303373
6823,-464.5,-501.59805757079334
6824,-464.5,-501.58937763219467
6825,-464.5,-501.580701754386
6826,-539.5,-501.58956969130026
6827,-475.0,-501.5833528173954
6828,-464.5,-501.5746844319776
6829,-538.0,-501.5831970086469
6830,-464.5,-501.5745327102804
6831,-499.0,-501.5739313244569
6832,-658.0,-501.61046240074734
6833,-464.5,-501.6017978052767
6834,-464.5,-501.59313725490193
6835,-464.5,-501.58448074679114
6836,-464.5,-501.5758282781148
6837,-464.5,-501.5671798460462
6838,-464.5,-501.5585354477612
6839,-464.5,-501.5498950804383
6840,-464.5,-501.54125874125873
6841,-464.5,-501.53262642740617
6842,-542.5,-501.54217148182664
6843,-572.5,-501.55870020964363
6844,-542.5,-501.56823474615743
6845,-464.5,-501.5596041909197
6846,-464.5,-501.55097765363126
6847,-464.5,-501.54235513148706
6848,-619.0,-501.56968357375524
6849,-496.0,-501.5683879972087
6850,-535.0,-501.57616279069765
6851,-464.5,-501.56754243199254
6852,-598.0,-501.58995815899584
6853,-464.5,-501.58133860097604
6854,-464.5,-501.57272304832713
6855,-464.5,-501.56411149825783
6856,-464.5,-501.55550394797956
6857,-464.5,-501.5469003947063
6858,-464.5,-501.5383008356546
6859,-464.5,-501.52970526804364
6860,-464.5,-501.5211136890951
6861,-464.5,-501.5125260960334
6862,-464.5,-501.50394248608535
6863,-538.0,-501.5124043589149
6864,-464.5,-501.5038247566064
6865,-464.5,-501.4952491309386
6866,-464.5,-501.4866774791474
6867,-464.5,-501.47810979847117
6868,-475.0,-501.47197776748493
6869,-509.5,-501.47383653623524
6870,-464.5,-501.46527777777777
6871,-464.5,-501.4567229807915
6872,-521.5,-501.4613604812587
6873,-464.5,-501.4528105482304
6874,-475.0,-501.44669287696576
6875,-476.5,-501.44092485549135
6876,-464.5,-501.4323855755895
6877,-464.5,-501.42385024266235
6878,-464.5,-501.4153188539741
6879,-464.5,-501.4067914067914
6880,-629.5,-501.4363741339492
6881,-512.5,-501.43892865389057
6882,-529.0,-501.44529085872574
6883,-476.5,-501.4395338102931
6884,-464.5,-501.4310106137517
6885,-464.5,-501.422491349481
6886,-464.5,-501.4139760147601
6887,-464.5,-501.40546460687113
6888,-464.5,-501.3969571230982
6889,-476.5,-501.3912191749251
6890,-568.0,-501.4065668202765
6891,-524.5,-501.41188666205943
6892,-475.0,-501.40580377706124
6893,-538.0,-501.4142297950725
6894,-464.5,-501.4057320441989
6895,-464.5,-501.3972382048331
6896,-572.5,-501.4135987114588
6897,-464.5,-501.40510697032437
6898,-464.5,-501.3966191352346
6899,-464.5,-501.38813520349504
6900,-517.0,-501.391724137931
6901,-536.5,-501.39979315099976
6902,-545.5,-501.40992647058823
6903,-464.5,-501.40144727773946
6904,-464.5,-501.3929719797887
6905,-464.5,-501.3845005740528
6906,-464.5,-501.37603305785126
6907,-464.5,-501.3675694285059
6908,-464.5,-501.359109683341
6909,-464.5,-501.35065381968343
6910,-464.5,-501.3422018348624
6911,-464.5,-501.3337537262096
6912,-464.5,-501.32530949105916
6913,-548.5,-501.3361219344488
6914,-464.5,-501.3276810265811
6915,-464.5,-501.3192439862543
6916,-464.5,-501.31081081081084
6917,-464.5,-501.3023814975956
6918,-464.5,-501.29395604395603
6919,-464.5,-501.28553444724196
6920,-464.5,-501.2771167048055
6921,-464.5,-501.26870281400136
6922,-530.5,-501.2753888380604
6923,-476.5,-501.26972330208093
6924,-464.5,-501.261316872428
6925,-464.5,-501.25291428571427
6926,-464.5,-501.2445155393053
6927,-538.0,-501.2529129540781
6928,-464.5,-501.2445180447693
6929,-494.5,-501.24297784882395
6930,-464.5,-501.2345890410959
6931,-464.5,-501.22620406299933
6932,-554.5,-501.2383614787768
6933,-569.5,-501.2539356605065
6934,-464.5,-501.2455520072993
6935,-464.5,-501.23717217787913
6936,-464.5,-501.22879616963064
6937,-536.5,-501.2368361066788
6938,-464.5,-501.22846399270736
6939,-464.5,-501.2200956937799
6940,-589.0,-501.2400911161731
6941,-464.5,-501.23172398086996
6942,-464.5,-501.2233606557377
6943,-476.5,-501.21773275665834
6944,-464.5,-501.2093764223942
6945,-464.5,-501.201023890785
6946,-464.5,-501.19267515923565
6947,-490.0,-501.19012963384125
6948,-464.5,-501.1817871759891
6949,-464.5,-501.17344851102524
6950,-464.5,-501.1651136363636
6951,-464.5,-501.1567825494206
6952,-464.5,-501.1484552476147
6953,-464.5,-501.140131728367
6954,-745.0,-501.19550408719346
6955,-464.5,-501.1871736662883
6956,-614.5,-501.21289151157515
6957,-464.5,-501.20456092579985
6958,-464.5,-501.1962341197822
6959,-529.0,-501.202540258562
6960,-578.5,-501.22006802721086
6961,-464.5,-501.2117433688506
6962,-584.5,-501.2306210335449
6963,-476.5,-501.22501699524133
6964,-464.5,-501.21669687358406
6965,-464.5,-501.2083805209513
6966,-569.5,-501.2238451086956
6967,-542.5,-501.23318994792845
6968,-476.5,-501.2275916704391
6969,-464.5,-501.2192803801765
6970,-476.5,-501.21368778280544
6971,-512.5,-501.21624066953177
6972,-490.0,-501.2137042062415
6973,-569.5,-501.22914311553245
6974,-464.5,-501.22084086799276
6975,-464.5,-501.21254237288133
6976,-562.0,-501.22627654767285
6977,-524.5,-501.23153377004746
6978,-476.5,-501.2259485094851
6979,-464.5,-501.21765635583654
6980,-500.5,-501.21749435665913
6981,-464.5,-501.2092078537576
6982,-476.5,-501.20363267148014
6983,-566.5,-501.2183622828784
6984,-508.0,-501.2198917456022
6985,-475.0,-501.2139797068771
6986,-575.5,-501.23072587917045
6987,-464.5,-501.22244759972955
6988,-464.5,-501.2141730509238
6989,-475.0,-501.2082676278441
6990,-464.5,-501.2
6991,-464.5,-501.19173609547397
6992,-464.5,-501.1834759117515
6993,-521.5,-501.18804861580014
6994,-464.5,-501.17979297929793
6995,-464.5,-501.17154105736785
6996,-496.0,-501.1703778677463
6997,-464.5,-501.1621317742298
6998,-476.5,-501.15658723021585
6999,-464.5,-501.14834794335803
7000,-575.5,-501.16505617977526
7001,-464.5,-501.15681869242866
7002,-464.5,-501.14858490566036
7003,-476.5,-501.1430496294633
7004,-464.5,-501.1348226313426
7005,-496.0,-501.13367003367006
7006,-476.5,-501.1281418312388
7007,-476.5,-501.1226161094907
7008,-475.0,-501.11675639300137
7009,-491.5,-501.11459968602827
7010,-475.0,-501.10874439461884
7011,-476.5,-501.10322797579016
7012,-475.0,-501.097377857463
7013,-551.5,-501.1086712973336
7014,-487.0,-501.1055107526882
7015,-464.5,-501.0973124300112
7016,-476.5,-501.0918047469772
7017,-464.5,-501.0836131631968
7018,-721.0,-501.13283348254254
7019,-464.5,-501.1246363839785
7020,-464.5,-501.1164429530201
7021,-464.5,-501.10825318720646
7022,-491.5,-501.1061046511628
7023,-464.5,-501.09792085848426
7024,-464.5,-501.0897407241842
7025,-464.5,-501.08156424581006
7026,-464.5,-501.07339142091155
7027,-638.5,-501.104087558633
7028,-476.5,-501.0985931219294
7029,-602.5,-501.1212324179504
7030,-592.0,-501.14151785714284
7031,-602.5,-501.1641374693149
7032,-587.5,-501.1834002677376
7033,-502.0,-501.18358242248496
7034,-524.5,-501.1887823371989
7035,-638.5,-501.219397993311
7036,-599.5,-501.2413062862238
7037,-464.5,-501.2331178961444
7038,-464.5,-501.22493315508024
7039,-464.5,-501.21675206059257
7040,-464.5,-501.20857461024497
7041,-464.5,-501.2004008016032
7042,-464.5,-501.19223063223507
7043,-464.5,-501.18406409971067
7044,-517.0,-501.1875834445928
7045,-464.5,-501.1794215795328
7046,-464.5,-501.1712633451957
7047,-629.5,-501.19979986657773
7048,-464.5,-501.19164072921296
7049,-464.5,-501.18348521893756
7050,-557.5,-501.196
7051,-500.5,-501.19584536769605
7052,-500.5,-501.19569080408706
7053,-464.5,-501.1875416389074
7054,-464.5,-501.17939609236237
7055,-464.5,-501.1712541620422
7056,-464.5,-501.16311584553927
7057,-583.0,-501.1812735744398
7058,-530.5,-501.18777728482695
7059,-554.5,-501.1996007984032
7060,-464.5,-501.19146341463414
7061,-464.5,-501.18332963866106
7062,-515.5,-501.18650265957444
7063,-464.5,-501.1783735874141
7064,-464.5,-501.17024811696945
7065,-464.5,-501.16212624584716
7066,-464.5,-501.1540079716563
7067,-557.5,-501.16648217843704
7068,-464.5,-501.1583665338645
7069,-574.0,-501.17448550564285
7070,-464.5,-501.1663716814159
7071,-464.5,-501.1582614465826
7072,-500.5,-501.15811587793013
7073,-464.5,-501.15001105460976
7074,-557.5,-501.1624668435013
7075,-572.5,-501.1782320441989
7076,-529.0,-501.1843791427309
7077,-569.5,-501.19946984758116
7078,-571.0,-501.2148851590106
7079,-464.5,-501.2067785383087
7080,-565.0,-501.22086092715233
7081,-464.5,-501.2127565658795
7082,-464.5,-501.2046557811121
7083,-464.5,-501.19655857048315
7084,-464.5,-501.1884649316277
7085,-541.0,-501.19724366041896
7086,-464.5,-501.1891534391534
7087,-464.5,-501.1810667842187
7088,-464.5,-501.1729836932569
7089,-464.5,-501.16490416391275
7090,-554.5,-501.17665198237887
7091,-502.0,-501.1768332966307
7092,-706.0,-501.221928665786
7093,-464.5,-501.21384547655737
7094,-464.5,-501.2057658450704
7095,-464.5,-501.1976897689769
7096,-464.5,-501.1896172459305
7097,-464.5,-501.181548273587
7098,-464.5,-501.1734828496042
7099,-464.5,-501.1654209716421
7100,-464.5,-501.1573626373626
7101,-464.5,-501.1493078444298
7102,-530.5,-501.15575571177504
7103,-698.5,-501.19909949483855
7104,-464.5,-501.19104084321475
7105,-464.5,-501.1829857299671
7106,-464.5,-501.17493415276556
7107,-464.5,-501.1668861092824
7108,-572.5,-501.1825362000878
7109,-464.5,-501.1744900197412
7110,-524.5,-501.1796052631579
7111,-464.5,-501.17156325367245
7112,-464.5,-501.1635247698378
7113,-464.5,-501.15548980933596
7114,-512.5,-501.1579754601227
7115,-464.5,-501.1499452354874
7116,-464.5,-501.1419185282523
7117,-464.5,-501.13389533610683
7118,-464.5,-501.12587565674255
7119,-464.5,-501.1178594878529
7120,-464.5,-501.1098468271335
7121,-476.5,-501.1044629183986
7122,-464.5,-501.09645669291336
7123,-464.5,-501.08845396894816
7124,-493.0,-501.08668561434195
7125,-464.5,-501.0786885245902
7126,-464.5,-501.0706949300699
7127,-530.5,-501.0771247542058
7128,-599.5,-501.098623853211
7129,-580.0,-501.1158549901725
7130,-619.0,-501.1415938864629
7131,-464.5,-501.1335952848723
7132,-496.0,-501.13247490178964
7133,-539.5,-501.140846607026
7134,-530.5,-501.14725130890054
7135,-578.5,-501.1641221374046
7136,-464.5,-501.1561273440907
7137,-496.0,-501.1550032701112
7138,-464.5,-501.1470139494333
7139,-464.5,-501.1390281106995
7140,-602.5,-501.1611111111111
7141,-464.5,-501.1531256806796
7142,-464.5,-501.145143728223
7143,-512.5,-501.1476159372959
7144,-464.5,-501.1396386591206
7145,-464.5,-501.1316648531012
7146,-523.0,-501.1364229765013
7147,-527.5,-501.1421579290842
7148,-496.0,-501.14103958242714
7149,-518.5,-501.14481409001957
7150,-464.5,-501.136847826087
7151,-464.5,-501.1288850249946
7152,-568.0,-501.14341590612776
7153,-464.5,-501.1354551379535
7154,-464.5,-501.1274978279757
7155,-464.5,-501.11954397394135
7156,-464.5,-501.11159357359963
7157,-464.5,-501.1036466247015
7158,-464.5,-501.095703125
7159,-533.5,-501.1027337817314
7160,-541.0,-501.11138828633403
7161,-464.5,-501.1034482758621
7162,-488.5,-501.1007155247181
7163,-464.5,-501.092781270323
7164,-517.0,-501.0962288686606
7165,-476.5,-501.0908992416035
7166,-464.5,-501.08297227036394
7167,-464.5,-501.07504873294346
7168,-464.5,-501.0671286271113
7169,-476.5,-501.06180991556613
7170,-569.5,-501.0766233766234
7171,-572.5,-501.09207963644235
7172,-632.5,-501.1205106014712
7173,-464.5,-501.11258922777415
7174,-578.5,-501.12932525951555
7175,-464.5,-501.1214054054054
7176,-574.0,-501.13715953307394
7177,-464.5,-501.12924140912037
7178,-464.5,-501.1213267070009
7179,-529.0,-501.12734931950746
7180,-464.5,-501.1194384449244
7181,-464.5,-501.1115309868279
7182,-496.0,-501.1104274611399
7183,-476.5,-501.10511547593353
7184,-568.0,-501.11955114372034
7185,-464.5,-501.1116504854369
7186,-464.5,-501.1037532355479
7187,-476.5,-501.0984472719431
7188,-568.0,-501.112871927555
7189,-464.5,-501.10497952144857
7190,-730.0,-501.1543103448276
7191,-464.5,-501.1464124111183
7192,-464.5,-501.138517880224
7193,-464.5,-501.13062674994615
7194,-502.0,-501.13081395348837
7195,-464.5,-501.1229278794403
7196,-464.5,-501.1150452001722
7197,-464.5,-501.10716591349257
7198,-464.5,-501.09929001721173
7199,-464.5,-501.09141750914176
7200,-464.5,-501.08354838709676
7201,-464.5,-501.0756826488927
7202,-464.5,-501.0678202923474
7203,-625.0,-501.0944551901999
7204,-731.5,-501.1439621830683
7205,-554.5,-501.15542427497314
7206,-464.5,-501.14755154639175
7207,-542.5,-501.1564311788705
7208,-464.5,-501.1485616144268
7209,-566.5,-501.16258853831295
7210,-464.5,-501.15472103004294
7211,-685.0,-501.1941643424158
7212,-665.5,-501.229407979408
7213,-464.5,-501.22153120308815
7214,-464.5,-501.2136578044597
7215,-464.5,-501.20578778135047
7216,-464.5,-501.19792113159025
7217,-638.5,-501.22734090422114
7218,-574.0,-501.24293059125966
7219,-476.5,-501.2376311844078
7220,-464.5,-501.2297644539615
7221,-464.5,-501.2219010918433
7222,-464.5,-501.2140410958904
7223,-464.5,-501.2061844639418
7224,-464.5,-501.19833119383827
7225,-479.5,-501.1936898395722
7226,-634.0,-501.22209153122327
7227,-464.5,-501.21423989737013
7228,-464.5,-501.2063916203506
7229,-464.5,-501.1985466980124
7230,-464.5,-501.19070512820514
7231,-512.5,-501.1931211279641
7232,-464.5,-501.1852840666382
7233,-487.0,-501.1822549647662
7234,-517.0,-501.18563193851406
7235,-557.5,-501.19765208110994
7236,-464.5,-501.18982074263766
7237,-464.5,-501.1819927458929
7238,-464.5,-501.1741680887372
7239,-464.5,-501.1663467690339
7240,-464.5,-501.1585287846482
7241,-640.0,-501.18812619910466
7242,-464.5,-501.18030690537086
7243,-464.5,-501.1724909439591
7244,-553.0,-501.18353216872606
7245,-464.5,-501.1757188498403
7246,-464.5,-501.1679088586031
7247,-536.5,-501.17543112625077
7248,-476.5,-501.1701787994891
7249,-464.5,-501.1623749733986
7250,-476.5,-501.1571276595745
7251,-529.0,-501.16305041480535
7252,-464.5,-501.15525308379415
7253,-464.5,-501.14745906867955
7254,-464.5,-501.1396683673469
7255,-464.5,-501.1318809776833
7256,-464.5,-501.12409689757754
7257,-535.0,-501.1312938177183
7258,-541.0,-501.1397621070518
7259,-464.5,-501.13198131238056
7260,-769.0,-501.1888535031847
7261,-557.5,-501.2008066227977
7262,-464.5,-501.19301782682516
7263,-464.5,-501.18523233609164
7264,-500.5,-501.18508697496816
7265,-502.0,-501.1852598091198
7266,-512.5,-501.1876590330789
7267,-464.5,-501.1798812804749
7268,-475.0,-501.17433234421367
7269,-464.5,-501.16656071201527
7270,-464.5,-501.15879237288135
7271,-464.5,-501.15102732471934
7272,-464.5,-501.14326556543836
7273,-479.5,-501.1386830404404
7274,-464.5,-501.1309271803556
7275,-464.5,-501.1231746031746
7276,-532.0,-501.12970799830725
7277,-464.5,-501.12195895917074
7278,-464.5,-501.11421319796955
7279,-464.5,-501.10647071262423
7280,-500.5,-501.10634249471457
7281,-464.5,-501.0986049461002
7282,-464.5,-501.09087066779375
7283,-464.5,-501.08313965772237
7284,-464.5,-501.07541191381495
7285,-464.5,-501.0676874340021
7286,-685.0,-501.1065244932432
7287,-686.5,-501.14566181127293
7288,-464.5,-501.13792739552554
7289,-569.5,-501.15235281705003
7290,-499.0,-501.1518987341772
7291,-464.5,-501.14416789706814
7292,-476.5,-501.1389708983551
7293,-464.5,-501.1312460468058
7294,-500.5,-501.13111298482295
7295,-572.5,-501.1461538461538
7296,-523.0,-501.1507585335019
7297,-464.5,-501.1430377080261
7298,-464.5,-501.1353201347936
7299,-464.5,-501.12760581174985
7300,-569.5,-501.142
7301,-464.5,-501.1342875184172
7302,-464.5,-501.1265782828283
7303,-464.5,-501.1188722911845
7304,-464.5,-501.1111695414388
7305,-464.5,-501.1034700315457
7306,-496.0,-501.1023969722456
7307,-464.5,-501.0947025436199
7308,-464.5,-501.0870113493064
7309,-464.5,-501.07932338726624
7310,-611.5,-501.10252100840336
7311,-464.5,-501.09483301827345
7312,-464.5,-501.08714825703487
7313,-464.5,-501.07946672265376
7314,-512.5,-501.0818639798489
7315,-464.5,-501.0741867785939
7316,-502.0,-501.0743810323122
7317,-596.5,-501.0943989930774
7318,-530.5,-501.1005662751678
7319,-578.5,-501.11679597399876
7320,-464.5,-501.1091194968553
7321,-464.5,-501.10144623768605
7322,-545.5,-501.11075020955576
7323,-577.0,-501.12664990571966
7324,-464.5,-501.11897779639713
7325,-1352.5,-501.297277486911
7326,-616.0,-501.32129396984925
7327,-464.5,-501.3135859325937
7328,-524.5,-501.3184386772708
7329,-464.5,-501.31073446327684
7330,-464.5,-501.30303347280335
7331,-464.5,-501.2953357038277
7332,-475.0,-501.28983688833125
7333,-476.5,-501.28465398285596
7334,-464.5,-501.27696488294316
7335,-464.5,-501.2692789968652
7336,-629.5,-501.2960718763059
7337,-464.5,-501.2883852099436
7338,-487.0,-501.28540100250626
7339,-475.0,-501.2799122990186
7340,-464.5,-501.2722338204593
7341,-475.0,-501.26675015654354
7342,-607.0,-501.2888146911519
7343,-464.5,-501.2811391612769
7344,-464.5,-501.27346683354193
7345,-464.5,-501.26579770594367
7346,-464.5,-501.2581317764804
7347,-464.5,-501.25046904315195
7348,-895.0,-501.3325343893289
7349,-464.5,-501.324859345697
7350,-502.0,-501.325
7351,-464.5,-501.31732972297436
7352,-464.5,-501.30966264056644
7353,-464.5,-501.30199875078074
7354,-464.5,-501.29433805162364
7355,-464.5,-501.286680541103
7356,-464.5,-501.2790262172285
7357,-464.5,-501.27137507801126
7358,-479.5,-501.266846921797
7359,-464.5,-501.25920149719275
7360,-464.5,-501.25155925155923
7361,-596.5,-501.27135730617334
7362,-464.5,-501.2637157107232
7363,-464.5,-501.2560772906711
7364,-464.5,-501.2484420440382
7365,-476.5,-501.24330218068536
7366,-464.5,-501.2356727574751
7367,-529.0,-501.24143657878346
7368,-464.5,-501.2338107098381
7369,-464.5,-501.22618800581034
7370,-487.0,-501.2232365145228
7371,-464.5,-501.2156191661481
7372,-515.5,-501.2185815014517
7373,-464.5,-501.21096827700603
7374,-464.5,-501.20335820895525
7375,-464.5,-501.1957512953368
7376,-464.5,-501.1881475341898
7377,-464.5,-501.180546923555
7378,-476.5,-501.1754349627175
7379,-574.0,-501.19051563470697
7380,-464.5,-501.1829192546584
7381,-524.5,-501.18774580832127
7382,-464.5,-501.1801531456954
7383,-464.5,-501.1725636250776
7384,-499.0,-501.172114191146
7385,-464.5,-501.16452947259563
7386,-464.5,-501.15694789081886
7387,-656.5,-501.1890634690924
7388,-464.5,-501.1814799503927
7389,-574.0,-501.1965282083075
7390,-565.0,-501.2097107438017
7391,-515.5,-501.21266267300143
7392,-638.5,-501.24101610904586
7393,-464.5,-501.2334296923395
7394,-464.5,-501.22584640792735
7395,-574.0,-501.240866873065
7396,-575.5,-501.25619067271975
7397,-464.5,-501.24860738601194
7398,-464.5,-501.2410272277228
7399,-535.0,-501.24798927613944
7400,-464.5,-501.240412371134
7401,-464.5,-501.23283858998144
7402,-577.0,-501.2484542456719
7403,-476.5,-501.24335462600453
7404,-509.5,-501.24505562422746
7405,-464.5,-501.23748712667356
7406,-464.5,-501.22992174629326
7407,-464.5,-501.2223594811612
7408,-464.5,-501.21480032935364
7409,-512.5,-501.217122864787
7410,-475.0,-501.21172839506175
7411,-476.5,-501.206644723308
7412,-464.5,-501.1990950226244
7413,-599.5,-501.21930906847626
7414,-464.5,-501.21175986842104
7415,-464.5,-501.20421377183965
7416,-512.5,-501.20653514180026
7417,-475.0,-501.2011506061229
7418,-493.0,-501.1994658997535
7419,-464.5,-501.1919285274184
7420,-538.0,-501.1994866529774
7421,-464.5,-501.19195237117634
7422,-464.5,-501.184421182266
7423,-530.5,-501.190437102401
7424,-500.5,-501.19029544521953
7425,-464.5,-501.1827692307692
7426,-464.5,-501.1752461033634
7427,-464.5,-501.1677260611031
7428,-557.5,-501.17927429274295
7429,-464.5,-501.17175650748106
7430,-602.5,-501.1925204918033
7431,-464.5,-501.18500307314076
7432,-464.5,-501.17748873412535
7433,-464.5,-501.169977472865
7434,-464.5,-501.16246928746926
7435,-538.0,-501.1700102354145
7436,-464.5,-501.1625051166599
7437,-464.5,-501.1550030693677
7438,-464.5,-501.14750409165305
7439,-464.5,-501.14000818163225
7440,-605.5,-501.1613496932515
7441,-512.5,-501.16366796156206
7442,-586.0,-501.1810098119379
7443,-464.5,-501.1735131820969
7444,-464.5,-501.16601961585616
7445,-464.5,-501.1585291113381
7446,-464.5,-501.1510416666667
7447,-464.5,-501.14355727996735
7448,-464.5,-501.13607594936707
7449,-464.5,-501.1285976729945
7450,-529.0,-501.13428571428574
7451,-464.5,-501.12681085492756
7452,-464.5,-501.11933904528763
7453,-533.5,-501.1259433000204
7454,-496.0,-501.1248980424144
7455,-512.5,-501.1272171253823
7456,-464.5,-501.1197513249083
7457,-571.0,-501.1339922559609
7458,-476.5,-501.1289731051345
7459,-496.0,-501.1279282949684
7460,-499.0,-501.1274949083503
7461,-464.5,-501.120036652413
7462,-464.5,-501.11258143322476
7463,-476.5,-501.1075717484226
7464,-464.5,-501.1001221001221
7465,-464.5,-501.09267548321463
7466,-487.0,-501.0898087876322
7467,-464.5,-501.0823672971324
7468,-464.5,-501.07492883285886
7469,-464.5,-501.06749339296607
7470,-464.5,-501.06006097560976
7471,-619.0,-501.08402763665924
7472,-476.5,-501.0790329134498
7473,-464.5,-501.0716026812919
7474,-572.5,-501.0861088545898
7475,-476.5,-501.081116751269
7476,-464.5,-501.0736906211937
7477,-479.5,-501.0693119545362
7478,-464.5,-501.06189123376623
7479,-565.0,-501.0748630553865
7480,-464.5,-501.06744421906694
7481,-464.5,-501.06002839180695
7482,-487.0,-501.0571776155718
7483,-623.5,-501.0819987837016
7484,-572.5,-501.09647344953385
7485,-464.5,-501.0890577507599
7486,-464.5,-501.0816450567261
7487,-593.5,-501.10036459388294
7488,-529.0,-501.10601458080197
7489,-464.5,-501.098602956064
7490,-464.5,-501.0911943319838
7491,-502.0,-501.0913782635094
7492,-464.5,-501.08397409955484
7493,-464.5,-501.0765729314182
7494,-476.5,-501.0716019417476
7495,-593.5,-501.0902932254803
7496,-464.5,-501.08289526890417
7497,-479.5,-501.0785324439054
7498,-797.5,-501.1384397736459
7499,-487.0,-501.1355829460497
7500,-464.5,-501.1281818181818
7501,-464.5,-501.1207836800646
7502,-464.5,-501.1133885298869
7503,-464.5,-501.1059963658389
7504,-464.5,-501.09860718611225
7505,-464.5,-501.0912209889001
7506,-508.0,-501.09261501210653
7507,-464.5,-501.08523300383297
7508,-553.0,-501.0957039128681
7509,-464.5,-501.0883242589232
7510,-464.5,-501.08094758064516
7511,-464.5,-501.0735738762346
7512,-464.5,-501.0662031438936
7513,-464.5,-501.05883538182553
7514,-464.5,-501.0514705882353
7515,-500.5,-501.0513595166163
7516,-464.5,-501.04399919452277
7517,-599.5,-501.0638212200523
7518,-578.5,-501.0794082125604
7519,-464.5,-501.07204668947475
7520,-529.0,-501.07766599597585
7521,-464.5,-501.0703077851539
7522,-464.5,-501.0629525341915
7523,-502.0,-501.0631409611904
7524,-464.5,-501.0557901085645
7525,-464.5,-501.04844221105526
7526,-491.5,-501.0465233118971
7527,-464.5,-501.03918022905367
7528,-464.5,-501.0318400964243
7529,-631.0,-501.0579433621209
7530,-476.5,-501.0530120481928
7531,-464.5,-501.0456735595262
7532,-529.0,-501.05128462464876
7533,-464.5,-501.0439494280554
7534,-464.5,-501.0366171749599
7535,-464.5,-501.02928786359075
7536,-464.5,-501.0219614921781
7537,-464.5,-501.01463805895327
7538,-791.5,-501.0728748997594
7539,-464.5,-501.0655441972339
7540,-476.5,-501.06062124248496
7541,-464.5,-501.05329593267885
7542,-476.5,-501.04837740384613
7543,-464.5,-501.04105748047266
7544,-496.0,-501.0400480576692
7545,-464.5,-501.0327327327327
7546,-464.5,-501.025420336269
7547,-464.5,-501.0181108665199
7548,-464.5,-501.0108043217287
7549,-464.5,-501.00350070014
7550,-464.5,-500.9962
7551,-464.5,-500.9889022195561
7552,-490.0,-500.98670531787286
7553,-464.5,-500.97941235258844
7554,-590.5,-500.9973021582734
7555,-502.0,-500.9975024975025
7556,-569.5,-501.0111865761087
7557,-476.5,-501.00629119233076
7558,-464.5,-500.9990015974441
7559,-479.5,-500.99470952285884
7560,-535.0,-501.001497005988
7561,-476.5,-500.9966074635801
7562,-476.5,-500.9917198723065
7563,-464.5,-500.9844404548175
7564,-464.5,-500.9771639409653
7565,-476.5,-500.9722831505484
7566,-464.5,-500.9650119617225
7567,-464.5,-500.9577436715168
7568,-464.5,-500.9504782781985
7569,-464.5,-500.94321578003587
7570,-487.0,-500.94043824701197
7571,-476.5,-500.93557060346546
7572,-464.5,-500.9283154121864
7573,-529.0,-500.9339040414095
7574,-476.5,-500.92904060509557
7575,-476.5,-500.9241791044776
7576,-526.0,-500.9291683247115
7577,-464.5,-500.92192162323454
7578,-602.5,-500.94212410501194
7579,-464.5,-500.9348777092861
7580,-476.5,-500.9300198807157
7581,-464.5,-500.922778771616
7582,-464.5,-500.9155405405405
7583,-464.5,-500.9083051857739
7584,-464.5,-500.9010727056019
7585,-464.5,-500.89384309831183
7586,-476.5,-500.88899920571885
7587,-464.5,-500.88177486599164
7588,-464.5,-500.87455339420404
7589,-475.0,-500.8694185354237
7590,-476.5,-500.8645833333333
7591,-551.5,-500.87462804999006
7592,-464.5,-500.86741372471243
7593,-541.0,-500.87537180249853
7594,-464.5,-500.8681601903251
7595,-517.0,-500.8713577799802
7596,-809.5,-500.93252080856126
7597,-464.5,-500.92530215969884
7598,-464.5,-500.91808637083994
7599,-464.5,-500.91087344028523
7600,-464.5,-500.9036633663366
7601,-464.5,-500.89645614729756
7602,-527.5,-500.9017220902613
7603,-464.5,-500.8945181080546
7604,-602.5,-500.9146220815196
7605,-464.5,-500.9074183976261
7606,-487.0,-500.904667721519
7607,-476.5,-500.8998418034408
7608,-464.5,-500.8926453143535
7609,-646.0,-500.92132832575606
7610,-475.0,-500.91620553359684
7611,-464.5,-500.90901007705986
7612,-535.0,-500.9157447649151
7613,-464.5,-500.9085522417539
7614,-809.5,-500.96949052132703
7615,-475.0,-500.9643632773939
7616,-475.0,-500.95923805763914
7617,-557.5,-500.97039668442864
7618,-464.5,-500.9632004735596
7619,-464.5,-500.9560071019925
7620,-464.5,-500.94881656804733
7621,-464.5,-500.94162887004535
7622,-464.5,-500.93444400630915
7623,-464.5,-500.92726197516265
7624,-464.5,-500.920082774931
7625,-464.5,-500.9129064039409
7626,-542.5,-500.92109929078015
7627,-545.5,-500.9298798503053
7628,-578.5,-500.9451555730603
7629,-464.5,-500.93797991730656
7630,-524.5,-500.9426181102362
7631,-464.5,-500.9354457783901
7632,-464.5,-500.92827626918535
7633,-476.5,-500.9234703915011
7634,-464.5,-500.9163060582219
7635,-464.5,-500.9091445427729
7636,-464.5,-500.90198584349196
7637,-476.5,-500.8971889129153
7638,-598.0,-500.91627358490564
7639,-533.5,-500.92267636077815
7640,-464.5,-500.9155206286837
7641,-476.5,-500.91072480848555
7642,-542.5,-500.9188923802042
7643,-946.0,-501.00628313371294
7644,-464.5,-500.99911660777383
7645,-464.5,-500.9919528949951
7646,-464.5,-500.9847919937206
7647,-464.5,-500.97763390229545
7648,-524.5,-500.9822479403688
7649,-517.0,-500.98538929201806
7650,-464.5,-500.97823529411767
7651,-551.5,-500.9881395804744
7652,-476.5,-500.98333986671895
7653,-512.5,-500.98559670781896
7654,-529.0,-500.9910854231975
7655,-464.5,-500.9839373163565
7656,-512.5,-500.9861927144536
7657,-464.5,-500.97904836498924
7658,-464.5,-500.9719068128426
7659,-535.0,-500.9785672342924
7660,-538.0,-500.9858121330724
7661,-464.5,-500.9786734494228
7662,-464.5,-500.97153755868544
7663,-464.5,-500.9644044592216
7664,-464.5,-500.9572741493938
7665,-568.0,-500.9703812316716
7666,-509.5,-500.97204847537137
7667,-464.5,-500.96492085206177
7668,-464.5,-500.957796014068
7669,-529.0,-500.96327407696816
7670,-508.0,-500.9646484375
7671,-544.0,-500.9730521382543
7672,-695.5,-501.0110308473253
7673,-502.0,-501.01122389225065
7674,-464.5,-501.00409836065575
7675,-502.0,-501.0042926829268
7676,-464.5,-500.997171283652
7677,-464.5,-500.99005266237566
7678,-496.0,-500.98907956318254
7679,-607.0,-501.0097484889842
7680,-556.0,-501.0204678362573
7681,-464.5,-501.01335022412786
7682,-464.5,-501.0062353858145
7683,-479.5,-501.0020455873758
7684,-464.5,-500.99493572263344
7685,-464.5,-500.9878286270691
7686,-464.5,-500.9807242990654
7687,-517.0,-500.98384270975276
7688,-464.5,-500.9767419229272
7689,-475.0,-500.9716870986573
7690,-464.5,-500.9645914396887
7691,-464.5,-500.95749854113984
7692,-601.0,-500.9769544924154
7693,-475.0,-500.9719035582345
7694,-475.0,-500.96685458786936
7695,-475.0,-500.96180758017493
7696,-476.5,-500.9570540225418
7697,-494.5,-500.95579949485136
7698,-476.5,-500.95104895104896
7699,-530.5,-500.956787725772
7700,-464.5,-500.94970873786406
7701,-476.5,-500.94496214327313
7702,-499.0,-500.9445846273292
7703,-464.5,-500.93751212885695
7704,-464.5,-500.93044237485447
7705,-464.5,-500.9233753637245
7706,-464.5,-500.91631109387123
7707,-464.5,-500.9092495636998
7708,-568.0,-500.922256688639
7709,-464.5,-500.91519674355493
7710,-464.5,-500.90813953488373
7711,-572.5,-500.92201123813214
7712,-464.5,-500.9149554436265
7713,-479.5,-500.91080766995935
7714,-464.5,-500.90375677769174
7715,-476.5,-500.899031945789
7716,-464.5,-500.89198606271776
7717,-464.5,-500.88494290690926
7718,-464.5,-500.8779024767802
7719,-464.5,-500.8708647707487
7720,-475.0,-500.8658607350097
7721,-493.0,-500.86433958615356
7722,-464.5,-500.8573085846868
7723,-464.5,-500.8502803015658
7724,-758.5,-500.90007730962503
7725,-515.5,-500.9028985507246
7726,-464.5,-500.8958655332303
7727,-464.5,-500.8888352327603
7728,-569.5,-500.9020857473928
7729,-464.5,-500.89505696080323
7730,-569.5,-500.9083011583012
7731,-502.0,-500.9085118702953
7732,-464.5,-500.901485912775
7733,-548.5,-500.9106694964306
7734,-464.5,-500.9036458333333
7735,-557.5,-500.9145612343298
7736,-632.5,-500.9399344388739
7737,-536.5,-500.9467900520532
7738,-464.5,-500.9397648419429
7739,-464.5,-500.93274233956447
7740,-464.5,-500.9257225433526
7741,-464.5,-500.9187054517434
7742,-545.5,-500.92729198767336
7743,-464.5,-500.9202772963605
7744,-512.5,-500.9225067385445
7745,-476.5,-500.91780558229067
7746,-496.0,-500.91685912240183
7747,-521.5,-500.9208197036752
7748,-529.0,-500.92622162370145
7749,-580.0,-500.9414310444316
7750,-464.5,-500.93442307692305
7751,-464.5,-500.92741780426843
7752,-464.5,-500.9204152249135
7753,-535.0,-500.92696521237747
7754,-464.5,-500.91996541122217
7755,-464.5,-500.9129682997118
7756,-464.5,-500.90597387629657
7757,-476.5,-500.9012867294027
7758,-464.5,-500.89429723502303
7759,-464.5,-500.8873104242657
7760,-464.5,-500.8803262955854
7761,-575.5,-500.89464594127804
7762,-464.5,-500.887663085188
7763,-502.0,-500.8878764626894
7764,-590.5,-500.90506329113924
7765,-464.5,-500.8980824544583
7766,-464.5,-500.8911042944785
7767,-464.5,-500.88412880966075
7768,-538.0,-500.8912418551169
7769,-475.0,-500.8862808967235
7770,-464.5,-500.87931034482756
7771,-464.5,-500.87234246312966
7772,-464.5,-500.8653772500958
7773,-464.5,-500.85841470419297
7774,-464.5,-500.85145482388975
7775,-464.5,-500.8444976076555
7776,-529.0,-500.84988518943743
7777,-464.5,-500.8429309355271
7778,-464.5,-500.8359793420046
7779,-524.5,-500.84050487664945
7780,-502.0,-500.84072657743786
7781,-464.5,-500.83377939208566
7782,-536.5,-500.8405963302752
7783,-464.5,-500.83365182495703
7784,-575.5,-500.8479174627436
7785,-464.5,-500.8409742120344
7786,-464.5,-500.8340336134454
7787,-464.5,-500.8270956654573
7788,-464.5,-500.8201603665521
7789,-476.5,-500.8155182286696
7790,-464.5,-500.8085877862595
7791,-464.5,-500.8016599885518
7792,-548.5,-500.8107592521938
7793,-464.5,-500.8038336830059
7794,-464.5,-500.79691075514876
7795,-871.0,-500.86749285033363
7796,-634.0,-500.89287075867327
7797,-598.0,-500.91137793024586
7798,-698.5,-500.9490282012195
7799,-464.5,-500.9420842065155
7800,-464.5,-500.93514285714286
7801,-464.5,-500.9282041515902
7802,-586.0,-500.94440213252096
7803,-464.5,-500.93746430611077
7804,-500.5,-500.93738104301485
7805,-542.5,-500.94529019980973
7806,-521.5,-500.949200913242
7807,-502.0,-500.94940079893473
7808,-581.5,-500.9647204260175
7809,-464.5,-500.9577866514546
7810,-464.5,-500.950855513308
7811,-529.0,-500.95618703668504
7812,-464.5,-500.9492588369441
7813,-464.5,-500.9423332699981
7814,-590.5,-500.9593465045593
7815,-464.5,-500.95242165242166
7816,-464.5,-500.9454994303076
7817,-502.0,-500.94569963926335
7818,-464.5,-500.93878132118454
7819,-464.5,-500.9318656291516
7820,-464.5,-500.92495256166984
7821,-589.0,-500.94166192373365
7822,-464.5,-500.9347496206373
7823,-464.5,-500.92783993931346
7824,-464.5,-500.9209328782708
7825,-464.5,-500.91402843601895
7826,-464.5,-500.907126611069
7827,-464.5,-500.9002274019329
7828,-464.5,-500.8933308071239
7829,-569.5,-500.9063269558629
7830,-464.5,-500.8994318181818
7831,-464.5,-500.8925392918008
7832,-512.5,-500.89473684210526
7833,-521.5,-500.8986371379898
7834,-464.5,-500.89174867524605
7835,-464.5,-500.8848628192999
7836,-464.5,-500.87797956867195
7837,-508.0,-500.87932665027427
7838,-464.5,-500.87244704992435
7839,-476.5,-500.8678389109472
7840,-464.5,-500.8609640831758
7841,-464.5,-500.85409185409185
7842,-592.0,-500.87131519274374
7843,-575.5,-500.8854146986586
7844,-464.5,-500.8785417453721
7845,-508.0,-500.87988668555244
7846,-529.0,-500.88519637462235
7847,-464.5,-500.87832735510665
7848,-464.5,-500.8714609286523
7849,-464.5,-500.8645970937913
7850,-496.0,-500.86367924528304
7851,-464.5,-500.8568194680249
7852,-464.5,-500.84996227838553
7853,-500.5,-500.84989628512164
7854,-464.5,-500.84304298642536
7855,-464.5,-500.83619227144203
7856,-464.5,-500.8293441387109
7857,-464.5,-500.8224985867722
7858,-464.5,-500.81565561416727
7859,-610.0,-500.8362215106423
7860,-797.5,-500.89209039548024
7861,-479.5,-500.88806251176806
7862,-572.5,-500.9015436746988
7863,-566.5,-500.9138904573687
7864,-464.5,-500.90703801279636
7865,-464.5,-500.9001881467545
7866,-464.5,-500.8933408577878
7867,-464.5,-500.88649614444233
7868,-464.5,-500.87965400526514
7869,-512.5,-500.8818386914834
7870,-464.5,-500.875
7871,-464.5,-500.8681638789701
7872,-464.5,-500.86133032694477
7873,-530.5,-500.8668983655833
7874,-464.5,-500.8600676183321
7875,-529.0,-500.8653521126761
7876,-464.5,-500.8585242208036
7877,-689.5,-500.8939365496527
7878,-535.0,-500.9003378378378
7879,-487.0,-500.89772940514166
7880,-529.0,-500.9030018761726
7881,-475.0,-500.89814293753517
7882,-590.5,-500.9149474868717
7883,-464.5,-500.90811925745356
7884,-557.5,-500.9187289088864
7885,-529.0,-500.923992502343
7886,-464.5,-500.9171664167916
7887,-464.5,-500.91034288926363
7888,-535.0,-500.916729112027
7889,-464.5,-500.9099082225136
7890,-538.0,-500.9168539325843
7891,-464.5,-500.91003557386256
7892,-464.5,-500.9032197678772
7893,-968.5,-500.9907355418304
7894,-464.5,-500.98390718562877
7895,-476.5,-500.9793264733396
7896,-490.0,-500.97727272727275
7897,-464.5,-500.97045072002993
7898,-512.5,-500.97260658189975
7899,-475.0,-500.96775098149186
7900,-464.5,-500.96093457943925
7901,-464.5,-500.9541207250981
7902,-565.0,-500.9660874439462
7903,-464.5,-500.9592751728003
7904,-464.5,-500.9524654463952
7905,-464.5,-500.94565826330535
7906,-499.0,-500.9452949962659
7907,-464.5,-500.9384916931118
7908,-464.5,-500.9316909294513
7909,-464.5,-500.92489270386267
7910,-464.5,-500.91809701492537
7911,-487.0,-500.91550083939563
7912,-464.5,-500.9087094367773
7913,-464.5,-500.9019205668469
7914,-464.5,-500.89513422818794
7915,-464.5,-500.8883504193849
7916,-464.5,-500.8815691390235
7917,-464.5,-500.87479038569035
7918,-464.5,-500.86801415797316
7919,-578.5,-500.88247345874464
7920,-464.5,-500.8756983240223
7921,-464.5,-500.8689257121579
7922,-464.5,-500.8621556217424
7923,-500.5,-500.86208821887215
7924,-493.0,-500.8606252326014
7925,-578.5,-500.87506976744186
7926,-476.5,-500.8705357142857
7927,-464.5,-500.8637716198624
7928,-464.5,-500.8570100409074
7929,-524.5,-500.86140546569993
7930,-464.5,-500.8546468401487
7931,-464.5,-500.84789072663074
7932,-602.5,-500.86677814938685
7933,-742.0,-500.9115734720416
7934,-464.5,-500.9048105497771
7935,-487.0,-500.90222841225625
7936,-464.5,-500.8954697363535
7937,-464.5,-500.88871356970486
7938,-464.5,-500.88195991091317
7939,-464.5,-500.8752087585823
7940,-464.5,-500.86846011131723
7941,-464.5,-500.861713967724
7942,-572.5,-500.875
7943,-464.5,-500.86825514555903
7944,-521.5,-500.8720800889878
7945,-464.5,-500.86533827618166
7946,-521.5,-500.86916234247593
7947,-464.5,-500.86242356864926
7948,-464.5,-500.8556872915895
7949,-536.5,-500.8622893128357
7950,-464.5,-500.85555555555555
7951,-464.5,-500.8488242917978
7952,-464.5,-500.84209552017774
7953,-464.5,-500.8353692393115
7954,-569.5,-500.8480754996299
7955,-464.5,-500.8413506012951
7956,-500.5,-500.84128745837955
7957,-536.5,-500.84788237469945
7958,-535.0,-500.8541974852071
7959,-464.5,-500.84747642817524
7960,-554.5,-500.85739371534197
7961,-499.0,-500.8570504527814
7962,-464.5,-500.85033259423506
7963,-524.5,-500.8547016441899
7964,-464.5,-500.8479867011452
7965,-464.5,-500.84127423822713
7966,-464.5,-500.83456425406206
7967,-502.0,-500.8347793981909
7968,-464.5,-500.828073089701
7969,-464.5,-500.82136925632034
7970,-464.5,-500.81466789667894
7971,-509.5,-500.8162700608744
7972,-464.5,-500.80957211361124
7973,-565.0,-500.82140881430945
7974,-464.5,-500.81471238938053
7975,-464.5,-500.8080184331797
7976,-476.5,-500.8035385182455
7977,-476.5,-500.79906025428414
7978,-578.5,-500.81337509211494
7979,-464.5,-500.80668631423833
7980,-464.5,-500.8
7981,-464.5,-500.793316148039
7982,-464.5,-500.78663475699557
7983,-464.5,-500.77995582551074
7984,-464.5,-500.7732793522267
7985,-464.5,-500.76660533578655
7986,-592.0,-500.7833885209713
7987,-464.5,-500.77671510023913
7988,-464.5,-500.7700441338728
7989,-464.5,-500.7633756205185
7990,-464.5,-500.7567095588235
7991,-464.5,-500.75004594743615
7992,-464.5,-500.7433847850055
7993,-574.0,-500.75684365239755
7994,-592.0,-500.77360396767085
7995,-464.5,-500.76694214876034
7996,-464.5,-500.76028277634964
7997,-464.5,-500.75362584909124
7998,-464.5,-500.7469713656388
7999,-464.5,-500.74031932464675
8000,-544.0,-500.74825688073395
8001,-512.5,-500.7504127682994
8002,-464.5,-500.74376375641964
8003,-464.5,-500.7371171832019
8004,-464.5,-500.7304730473047
8005,-487.0,-500.72795600366635
8006,-568.0,-500.7402859237537
8007,-464.5,-500.73364485981307
8008,-464.5,-500.72700622938805
8009,-464.5,-500.7203700311412
8010,-512.5,-500.7225274725275
8011,-493.0,-500.72111334920345
8012,-521.5,-500.72491761259613
8013,-464.5,-500.7182866556837
8014,-548.5,-500.72703147877013
8015,-464.5,-500.72040256175666
8016,-464.5,-500.7137760702525
8017,-464.5,-500.70715200292665
8018,-475.0,-500.7024506217996
8019,-464.5,-500.6958310477235
8020,-529.0,-500.7010054844607
8021,-464.5,-500.69438859440686
8022,-529.0,-500.69956140350877
8023,-464.5,-500.6929471953225
8024,-464.5,-500.68633540372673
8025,-464.5,-500.67972602739724
8026,-592.0,-500.69640248356467
8027,-464.5,-500.689793682673
8028,-529.0,-500.6949616648412
8029,-464.5,-500.688355539332
8030,-500.5,-500.6883211678832
8031,-464.5,-500.6817186644773
8032,-464.5,-500.675118569865
8033,-592.0,-500.6917745759621
8034,-521.5,-500.6955689277899
8035,-464.5,-500.68896991795805
8036,-464.5,-500.6823733138899
8037,-499.0,-500.68206670311645
8038,-464.5,-500.67547376093296
8039,-464.5,-500.6688832209874
8040,-464.5,-500.6622950819672
8041,-542.5,-500.6699144053906
8042,-542.5,-500.67753095411507
8043,-464.5,-500.6709448388859
8044,-464.5,-500.6643611212232
8045,-464.5,-500.657779799818
8046,-464.5,-500.6512008733624
8047,-464.5,-500.6446243405494
8048,-464.5,-500.63805020007277
8049,-557.5,-500.6483906164757
8050,-607.0,-500.6677272727273
8051,-464.5,-500.6611525177241
8052,-464.5,-500.65458015267177
8053,-569.5,-500.6670906778121
8054,-571.0,-500.6798691860465
8055,-548.5,-500.6885558583106
8056,-475.0,-500.68389030148927
8057,-622.0,-500.70591973851464
8058,-464.5,-500.69934640522877
8059,-464.5,-500.6927754583409
8060,-556.0,-500.70281306715066
8061,-464.5,-500.6962438758846
8062,-464.5,-500.6896770682148
8063,-464.5,-500.6831126428442
8064,-539.5,-500.69015233949943
8065,-538.0,-500.69691749773347
8066,-622.0,-500.7189086294416
8067,-464.5,-500.71234366503535
8068,-464.5,-500.7057810801015
8069,-464.5,-500.69922087334663
8070,-535.0,-500.7054347826087
8071,-511.0,-500.7072994022822
8072,-475.0,-500.70264396957623
8073,-464.5,-500.69608908202065
8074,-464.5,-500.6895365677046
8075,-475.0,-500.68488687782803
8076,-487.0,-500.6824104234528
8077,-464.5,-500.67586394065495
8078,-464.5,-500.66931982633866
8079,-464.5,-500.66277807921864
8080,-605.5,-500.68173598553346
8081,-464.5,-500.67519435906706
8082,-464.5,-500.6686550976139
8083,-464.5,-500.66211819989155
8084,-464.5,-500.65558366461875
8085,-464.5,-500.6490514905149
8086,-464.5,-500.6425216763006
8087,-464.5,-500.6359942206971
8088,-464.5,-500.6294691224269
8089,-464.5,-500.622946380213
8090,-464.5,-500.6164259927798
8091,-464.5,-500.6099079588522
8092,-602.5,-500.6282930350054
8093,-464.5,-500.62177521197907
8094,-529.0,-500.62689393939394
8095,-551.5,-500.6360685302074
8096,-464.5,-500.6295528308691
8097,-490.0,-500.62763656030285
8098,-464.5,-500.6211247296323
8099,-464.5,-500.61461524599025
8100,-464.5,-500.6081081081081
8101,-464.5,-500.6016033147181
8102,-464.5,-500.59510086455333
8103,-464.5,-500.58860075634794
8104,-464.5,-500.5821029888369
8105,-464.5,-500.57560756075605
8106,-464.5,-500.56911447084235
8107,-500.5,-500.5691020334713
8108,-535.0,-500.5752968693775
8109,-502.0,-500.57555315704263
8110,-475.0,-500.5709532374101
8111,-602.5,-500.58928250314693
8112,-464.5,-500.5827939590076
8113,-464.5,-500.5763077476182
8114,-565.0,-500.5878864126528
8115,-464.5,-500.58140161725066
8116,-488.5,-500.57923104563423
8117,-569.5,-500.59161128076164
8118,-464.5,-500.5851293103448
8119,-565.0,-500.5966959956904
8120,-464.5,-500.59021543985637
8121,-557.5,-500.60043080236943
8122,-479.5,-500.5966439339555
8123,-464.5,-500.59016687600933
8124,-464.5,-500.58369214208824
8125,-464.5,-500.5772197309417
8126,-464.5,-500.57074964131994
8127,-464.5,-500.5642818719742
8128,-464.5,-500.5578164216565
8129,-464.5,-500.5513532891199
8130,-464.5,-500.5448924731183
8131,-464.5,-500.5384339724064
8132,-512.5,-500.5405768541741
8133,-548.5,-500.5491671144546
8134,-464.5,-500.5427113180516
8135,-601.0,-500.5606982990152
8136,-464.5,-500.5542427497315
8137,-524.5,-500.5585287274029
8138,-464.5,-500.55207587687903
8139,-464.5,-500.5456253354804
8140,-464.5,-500.5391771019678
8141,-464.5,-500.53273117510287
8142,-464.5,-500.52628755364805
8143,-464.5,-500.5198462363669
8144,-464.5,-500.5134072220236
8145,-475.0,-500.5088471849866
8146,-464.5,-500.50241243745535
8147,-524.5,-500.5067000178667
8148,-464.5,-500.5002679528403
8149,-574.0,-500.51339524915164
8150,-545.5,-500.52142857142854
8151,-464.5,-500.5149973219068
8152,-584.5,-500.52998928953946
8153,-464.5,-500.52355880778157
8154,-529.0,-500.5286402569593
8155,-491.5,-500.52702943800176
8156,-464.5,-500.520602925437
8157,-551.5,-500.52969502407706
8158,-574.0,-500.5427960057061
8159,-536.5,-500.54920663219826
8160,-464.5,-500.5427807486631
8161,-500.5,-500.5427731242203
8162,-464.5,-500.5363506771205
8163,-587.5,-500.5518439337253
8164,-464.5,-500.54542215888847
8165,-464.5,-500.53900267141586
8166,-649.0,-500.56543803418805
8167,-464.5,-500.5590172690048
8168,-464.5,-500.5525987896048
8169,-464.5,-500.54618259476774
8170,-520.0,-500.54964412811387
8171,-464.5,-500.5432307418609
8172,-464.5,-500.5368196371398
8173,-464.5,-500.5304108127334
8174,-529.0,-500.53547297297297
8175,-464.5,-500.52906666666667
8176,-464.5,-500.5226626377533
8177,-464.5,-500.51626088501865
8178,-464.5,-500.50986140724945
8179,-464.5,-500.50346420323325
8180,-464.5,-500.49706927175845
8181,-530.5,-500.5023974427278
8182,-788.5,-500.5535333806818
8183,-521.5,-500.55725190839695
8184,-464.5,-500.55085197018104
8185,-464.5,-500.5444543034605
8186,-464.5,-500.53805890702625
8187,-508.0,-500.53938265034594
8188,-464.5,-500.5329904221355
8189,-572.5,-500.5457527930484
8190,-565.0,-500.55718085106383
8191,-517.0,-500.56009572770785
8192,-512.5,-500.5622119815668
8193,-500.5,-500.5622009569378
8194,-464.5,-500.555811481219
8195,-464.5,-500.5494242692648
8196,-560.5,-500.56004250797025
8197,-464.5,-500.5536568089251
8198,-464.5,-500.54727337110484
8199,-464.5,-500.54089219330854
8200,-464.5,-500.5345132743363
8201,-589.0,-500.5501681118386
8202,-464.5,-500.5437898089172
8203,-538.0,-500.5504157084734
8204,-464.5,-500.5440396179696
8205,-554.5,-500.5535809018568
8206,-464.5,-500.54720650636494
8207,-464.5,-500.5408343645042
8208,-464.5,-500.5344644750795
8209,-464.5,-500.52809683689696
8210,-464.5,-500.52173144876326
8211,-500.5,-500.5217276099629
8212,-464.5,-500.51536559519604
8213,-754.0,-500.5601271410913
8214,-464.5,-500.5537605932203
8215,-464.5,-500.54739629302736
8216,-464.5,-500.5410342393223
8217,-464.5,-500.53467443091586
8218,-488.5,-500.5325511644319
8219,-464.5,-500.52619509613686
8220,-464.5,-500.51984126984127
8221,-464.5,-500.513489684359
8222,-500.5,-500.51348730606486
8223,-572.5,-500.52617662612374
8224,-464.5,-500.5198272823405
8225,-464.5,-500.51348017621143
8226,-464.5,-500.5071353065539
8227,-464.5,-500.50079267218604
8228,-542.5,-500.5081895033463
8229,-697.0,-500.54278922345486
8230,-464.5,-500.5364436619718
8231,-565.0,-500.547790881887
8232,-464.5,-500.54144667370645
8233,-464.5,-500.53510469822277
8234,-535.0,-500.5411681914145
8235,-700.0,-500.57625329815306
8236,-464.5,-500.5699085473092
8237,-464.5,-500.56356602778266
8238,-464.5,-500.5572257383966
8239,-502.0,-500.5574793461065
8240,-464.5,-500.5511423550088
8241,-515.5,-500.5537691091197
8242,-464.5,-500.5474349964863
8243,-464.5,-500.54110310908135
8244,-464.5,-500.53477344573236
8245,-464.5,-500.52844600526777
8246,-536.5,-500.53476123595505
8247,-475.0,-500.53027909426015
8248,-535.0,-500.53632853632854
8249,-464.5,-500.5300052640814
8250,-464.5,-500.5236842105263
8251,-464.5,-500.5173653744957
8252,-464.5,-500.51104875482287
8253,-464.5,-500.50473435034195
8254,-499.0,-500.5044705469846
8255,-530.5,-500.50972830850134
8256,-464.5,-500.5034174553102
8257,-464.5,-500.4971088137375
8258,-685.0,-500.52943237561317
8259,-464.5,-500.52312138728325
8260,-464.5,-500.5168126094571
8261,-464.5,-500.51050604097355
8262,-476.5,-500.5063025210084
8263,-476.5,-500.50210047260634
8264,-464.5,-500.4957997899895
8265,-464.5,-500.48950131233596
8266,-464.5,-500.48320503848845
8267,-475.0,-500.4787475948924
8268,-590.5,-500.4944910807975
8269,-464.5,-500.4881972372792
8270,-475.0,-500.48374125874125
8271,-601.0,-500.50131095962246
8272,-592.0,-500.51730164278223
8273,-464.5,-500.511008212476
8274,-464.5,-500.50471698113205
8275,-464.5,-500.49842794759826
8276,-464.5,-500.492141110723
8277,-464.5,-500.48585646935567
8278,-464.5,-500.47957402234636
8279,-535.0,-500.4855995810787
8280,-512.5,-500.4876963350785
8281,-464.5,-500.4814168556971
8282,-464.5,-500.4751395673412
8283,-464.5,-500.46886446886447
8284,-464.5,-500.46259155912105
8285,-524.5,-500.4667829119442
8286,-464.5,-500.4605125523013
8287,-464.5,-500.4542443785951
8288,-565.0,-500.4654932032067
8289,-476.5,-500.461317302666
8290,-538.0,-500.46785714285716
8291,-464.5,-500.4615920571329
8292,-574.0,-500.4743991640543
8293,-536.5,-500.480672122584
8294,-523.0,-500.4845926183844
8295,-464.5,-500.4783289817232
8296,-464.5,-500.47206752523493
8297,-490.0,-500.4702453453976
8298,-464.5,-500.46398747390396
8299,-464.5,-500.4577317794399
8300,-539.5,-500.4645217391304
8301,-544.0,-500.47209181012
8302,-464.5,-500.46583796940195
8303,-568.0,-500.47757691639146
8304,-500.5,-500.47758081334723
8305,-464.5,-500.47132927888794
8306,-715.0,-500.5085997220292
8307,-529.0,-500.51354872329335
8308,-500.5,-500.5135463702675
8309,-499.0,-500.51328355617295
8310,-487.0,-500.5109375
8311,-584.5,-500.5255164034022
8312,-464.5,-500.5192641443943
8313,-464.5,-500.5130140551796
8314,-464.5,-500.5067661346287
8315,-464.5,-500.50052038161317
8316,-464.5,-500.4942767950052
8317,-464.5,-500.4880353736778
8318,-521.5,-500.4916782246879
8319,-464.5,-500.4854394175767
8320,-689.5,-500.51819757365683
8321,-493.0,-500.5168948189222
8322,-464.5,-500.5106548856549
8323,-464.5,-500.5044171141521
8324,-464.5,-500.4981815032906
8325,-464.5,-500.49194805194804
8326,-464.5,-500.4857167590028
8327,-512.5,-500.48779643413536
8328,-464.5,-500.48156801661474
8329,-520.0,-500.4849454922997
8330,-464.5,-500.4787197231834
8331,-464.5,-500.4724961079398
8332,-538.0,-500.4789865098582
8333,-464.5,-500.4727650008646
8334,-464.5,-500.46654564315355
8335,-464.5,-500.4603284356093
8336,-464.5,-500.45411337711715
8337,-464.5,-500.447900466563
8338,-566.5,-500.45931237042157
8339,-479.5,-500.4556918293315
8340,-500.5,-500.4556994818653
8341,-604.0,-500.4735796926265
8342,-512.5,-500.47565607734805
8343,-464.5,-500.4694458829622
8344,-520.0,-500.4728167069382
8345,-524.5,-500.47696289905093
8346,-464.5,-500.4707556935818
8347,-622.0,-500.4917198550975
8348,-464.5,-500.4855122456019
8349,-464.5,-500.4793067770305
8350,-464.5,-500.4731034482759
8351,-574.0,-500.4857783140838
8352,-464.5,-500.479576008273
8353,-464.5,-500.4733758400827
8354,-464.5,-500.467177808408
8355,-464.5,-500.4609819121447
8356,-512.5,-500.4630554598691
8357,-491.5,-500.4615119683141
8358,-464.5,-500.4553202479339
8359,-464.5,-500.4491306593217
8360,-464.5,-500.4429432013769
8361,-475.0,-500.4385647909138
8362,-596.5,-500.4550929112182
8363,-464.5,-500.4489076208498
8364,-464.5,-500.44272445820434
8365,-574.0,-500.4553740326741
8366,-464.5,-500.4491918844567
8367,-464.5,-500.44301186178444
8368,-464.5,-500.43683396356136
8369,-464.5,-500.43065818869223
8370,-476.5,-500.4265463917526
8371,-593.5,-500.4425356467961
8372,-568.0,-500.45413947097217
8373,-464.5,-500.44796496651213
8374,-464.5,-500.4417925824176
8375,-464.5,-500.43562231759654
8376,-464.5,-500.4294541709578
8377,-625.0,-500.4508323322464
8378,-464.5,-500.4446636925189
8379,-476.5,-500.44055584148225
8380,-464.5,-500.4343910806175
8381,-464.5,-500.42822843423085
8382,-464.5,-500.4220679012346
8383,-496.0,-500.4213097891308
8384,-464.5,-500.41515255399383
8385,-524.5,-500.4192802056555
8386,-464.5,-500.4131254283756
8387,-464.5,-500.40697275997945
8388,-464.5,-500.40082219938336
8389,-464.5,-500.39467374550435
8390,-559.0,-500.4047089041096
8391,-464.5,-500.3985618900873
8392,-475.0,-500.39421431016774
8393,-464.5,-500.38807119630326
8394,-464.5,-500.3819301848049
8395,-464.5,-500.37579127459367
8396,-566.5,-500.3871022921656
8397,-464.5,-500.38096459722937
8398,-512.5,-500.3830369357045
8399,-475.0,-500.37869721319885
8400,-464.5,-500.3725641025641
8401,-554.5,-500.38181507434626
8402,-512.5,-500.38388585099113
8403,-496.0,-500.383136852896
8404,-464.5,-500.3770071745815
8405,-535.0,-500.3829205807003
8406,-464.5,-500.3767930327869
8407,-464.5,-500.37066757725796
8408,-464.5,-500.364544213042
8409,-520.0,-500.3678955453149
8410,-464.5,-500.3617747440273
8411,-521.5,-500.3653813342433
8412,-464.5,-500.3592630501535
8413,-665.5,-500.3874296435272
8414,-464.5,-500.381309686221
8415,-491.5,-500.3797953964194
8416,-464.5,-500.37367882713943
8417,-464.5,-500.36756434293505
8418,-464.5,-500.3614519427403
8419,-464.5,-500.35534162548987
8420,-464.5,-500.34923339011925
8421,-464.5,-500.3431272355646
8422,-551.5,-500.3518392370572
8423,-464.5,-500.3457347182019
8424,-464.5,-500.33963227783454
8425,-464.5,-500.3335319148936
8426,-611.5,-500.35245064669846
8427,-464.5,-500.3463501786626
8428,-464.5,-500.34025178632186
8429,-464.5,-500.3341554686171
8430,-464.5,-500.3280612244898
8431,-542.5,-500.33523210338376
8432,-464.5,-500.3291397483849
8433,-464.5,-500.3230494645589
8434,-464.5,-500.3169612508498
8435,-496.0,-500.31622769753614
8436,-524.5,-500.3203363914373
8437,-476.5,-500.3162901307967
8438,-464.5,-500.31020720108694
8439,-512.5,-500.31227712684665
8440,-464.5,-500.30619694397285
8441,-464.5,-500.30011882532676
8442,-512.5,-500.3021894093686
8443,-464.5,-500.29611403359917
8444,-464.5,-500.2900407193756
8445,-464.5,-500.28396946564885
8446,-575.5,-500.2967265943012
8447,-512.5,-500.29879599796504
8448,-524.5,-500.3028992878942
8449,-638.5,-500.3263264960163
8450,-464.5,-500.3202542372881
8451,-464.5,-500.314184036604
8452,-464.5,-500.30811589291767
8453,-509.5,-500.3096730476029
8454,-464.5,-500.3036077235772
8455,-464.5,-500.29754445385265
8456,-464.5,-500.2914832373857
8457,-581.5,-500.3052310817674
8458,-619.0,-500.32532159783347
8459,-464.5,-500.3192587578271
8460,-464.5,-500.3131979695431
8461,-515.5,-500.3157672136694
8462,-499.0,-500.3155446549391
8463,-464.5,-500.30948756976153
8464,-464.5,-500.30343253297264
8465,-464.5,-500.2973795435334
8466,-464.5,-500.2913286004057
8467,-464.5,-500.285279702552
8468,-575.5,-500.29798918553564
8469,-464.5,-500.29194120628483
8470,-490.0,-500.2902027027027
8471,-488.5,-500.2882114507685
8472,-646.0,-500.3128166160081
8473,-464.5,-500.306770217795
8474,-464.5,-500.3007258609048
8475,-464.5,-500.2946835443038
8476,-464.5,-500.2886432669592
8477,-464.5,-500.2826050278387
8478,-569.5,-500.2942813765182
8479,-646.0,-500.3188564682071
8480,-464.5,-500.31281618887016
8481,-539.5,-500.3194233687405
8482,-464.5,-500.3133850303439
8483,-464.5,-500.3073487274566
8484,-475.0,-500.3030839231547
8485,-475.0,-500.2988205560236
8486,-464.5,-500.2927897574124
8487,-464.5,-500.2867609903992
8488,-679.0,-500.31685752778714
8489,-647.5,-500.34164000673513
8490,-464.5,-500.33560606060604
8491,-464.5,-500.3295741457667
8492,-464.5,-500.3235442611915
8493,-464.5,-500.31751640585566
8494,-464.5,-500.31149057873483
8495,-538.0,-500.3178301093356
8496,-794.5,-500.3673057517659
8497,-544.0,-500.37464267698
8498,-464.5,-500.36861129791527
8499,-476.5,-500.36459909228444
8500,-487.0,-500.3623529411765
8501,-554.5,-500.37145017644093
8502,-464.5,-500.36542338709677
8503,-464.5,-500.35939862254327
8504,-464.5,-500.35337588176014
8505,-464.5,-500.34735516372797
8506,-464.5,-500.3413364674278
8507,-464.5,-500.3353197918415
8508,-464.5,-500.32930513595164
8509,-464.5,-500.3232924987414
8510,-493.0,-500.3220637583893
8511,-692.5,-500.3543029693005
8512,-521.5,-500.3578497148608
8513,-464.5,-500.351836323998
8514,-575.5,-500.36443661971833
8515,-464.5,-500.35842414082146
8516,-464.5,-500.35241367750587
8517,-464.5,-500.34640522875816
8518,-464.5,-500.34039879356567
8519,-464.5,-500.3343943709164
8520,-464.5,-500.328391959799
8521,-464.5,-500.3223915592028
8522,-574.0,-500.33472873409244
8523,-592.0,-500.35007533902564
8524,-464.5,-500.3440743220623
8525,-563.5,-500.35464435146446
8526,-464.5,-500.34864457831327
8527,-535.0,-500.35444202777313
8528,-464.5,-500.3484442957511
8529,-464.5,-500.342448569995
8530,-512.5,-500.3444816053512
8531,-554.5,-500.3535361979602
8532,-535.0,-500.35932798395186
8533,-631.0,-500.38116329600535
8534,-536.5,-500.387199197861
8535,-487.0,-500.38496240601506
8536,-535.0,-500.39074507183426
8537,-464.5,-500.3847502923
8538,-464.5,-500.3787575150301
8539,-464.5,-500.37276673902153
8540,-464.5,-500.3667779632721
8541,-601.0,-500.38357536304454
8542,-464.5,-500.3775867823765
8543,-464.5,-500.3716002002336
8544,-464.5,-500.36561561561564
8545,-464.5,-500.35963302752293
8546,-464.5,-500.35365243495664
8547,-554.5,-500.36268134067035
8548,-464.5,-500.356702234078
8549,-574.0,-500.3689781630272
8550,-464.5,-500.363
8551,-535.0,-500.3687718713548
8552,-464.5,-500.3627957347551
8553,-496.0,-500.36206896551727
8554,-599.5,-500.378580946036
8555,-464.5,-500.3726061615321
8556,-464.5,-500.3666333666334
8557,-464.5,-500.36066256034627
8558,-577.0,-500.3734187749667
8559,-568.0,-500.3846729905142
8560,-464.5,-500.3787021630616
8561,-464.5,-500.37273332224254
8562,-517.0,-500.375499001996
8563,-464.5,-500.36953267919506
8564,-464.5,-500.36356834053873
8565,-464.5,-500.3576059850374
8566,-524.5,-500.36161901595744
8567,-464.5,-500.35565896626224
8568,-475.0,-500.35144566301096
8569,-580.0,-500.36467851802627
8570,-464.5,-500.35872093023255
8571,-475.0,-500.3545092177379
8572,-464.5,-500.3485552972434
8573,-464.5,-500.3426033538104
8574,-464.5,-500.3366533864542
8575,-464.5,-500.3307053941909
8576,-464.5,-500.32475937603715
8577,-464.5,-500.31881533101046
8578,-464.5,-500.3128732581287
8579,-464.5,-500.3069331564107
8580,-502.0,-500.30721393034827
8581,-464.5,-500.30127673685956
8582,-464.5,-500.29534151193633
8583,-592.0,-500.31054201889606
8584,-464.5,-500.30460722572093
8585,-464.5,-500.2986743993372
8586,-476.5,-500.294731610338
8587,-464.5,-500.2888023852907
8588,-476.5,-500.284862537264
8589,-464.5,-500.27893691008444
8590,-476.5,-500.275
8591,-464.5,-500.26907796722395
8592,-464.5,-500.2631578947368
8593,-464.5,-500.25723978156543
8594,-488.5,-500.25529450694904
8595,-464.5,-500.24937965260546
8596,-517.0,-500.2521501819385
8597,-644.5,-500.2760046303952
8598,-599.5,-500.2924107142857
8599,-464.5,-500.2864936353116
8600,-529.0,-500.2912396694215
8601,-529.0,-500.29598413485377
8602,-464.5,-500.29006939854594
8603,-487.0,-500.2878737815959
8604,-476.5,-500.28394449950446
8605,-500.5,-500.283980181668
8606,-514.0,-500.28624504623514
8607,-464.5,-500.28033680039624
8608,-646.0,-500.30439088808185
8609,-464.5,-500.2984815976234
8610,-587.5,-500.3128712871287
8611,-464.5,-500.3069625474344
8612,-464.5,-500.30105575717585
8613,-464.5,-500.29515091538843
8614,-464.5,-500.28924802110816
8615,-464.5,-500.28334707337183
8616,-464.5,-500.2774480712166
8617,-464.5,-500.27155101368055
8618,-523.0,-500.2752966381015
8619,-476.5,-500.2713791398912
8620,-464.5,-500.2654859967051
8621,-464.5,-500.2595947949267
8622,-464.5,-500.2537055335968
8623,-464.5,-500.24781821175696
8624,-629.5,-500.2690977938755
8625,-464.5,-500.2632098765432
8626,-464.5,-500.25732389730086
8627,-464.5,-500.25143985519173
8628,-527.5,-500.25592300098714
8629,-464.5,-500.2500411251851
8630,-523.0,-500.25378289473684
8631,-659.5,-500.2799703996053
8632,-802.0,-500.32957908582705
8633,-476.5,-500.3256616800921
8634,-568.0,-500.33678500986196
8635,-502.0,-500.33705834018076
8636,-524.5,-500.34102859020703
8637,-538.0,-500.347215377033
8638,-464.5,-500.34132720105123
8639,-464.5,-500.33544095910656
8640,-464.5,-500.32955665024633
8641,-551.5,-500.33795764242325
8642,-542.5,-500.34487852921865
8643,-464.5,-500.3389955686854
8644,-499.0,-500.33877584509355
8645,-464.5,-500.3328958162428
8646,-464.5,-500.3270177165354
8647,-584.5,-500.34082335574874
8648,-464.5,-500.33494588389635
8649,-512.5,-500.33694048204626
8650,-464.5,-500.3310655737705
8651,-464.5,-500.3251925913785
8652,-464.5,-500.3193215339233
8653,-464.5,-500.3134524004588
8654,-464.5,-500.30758519003933
8655,-464.5,-500.3017199017199
8656,-535.0,-500.30740255486404
8657,-464.5,-500.30153921729163
8658,-464.5,-500.29567779960706
8659,-464.5,-500.2898183008676
8660,-529.0,-500.2945171849427
8661,-500.5,-500.29455081001475
8662,-464.5,-500.28869437172773
8663,-544.0,-500.2958449206609
8664,-521.5,-500.29931305201177
8665,-592.0,-500.3143090760425
8666,-464.5,-500.30845323741005
8667,-464.5,-500.3025993133889
8668,-464.5,-500.2967473030402
8669,-496.0,-500.2960451054094
8670,-464.5,-500.2901960784314
8671,-589.0,-500.3046887763437
8672,-464.5,-500.2988402482849
8673,-568.0,-500.3098971092602
8674,-464.5,-500.3040496407577
8675,-488.5,-500.3021224489796
8676,-464.5,-500.296278158668
8677,-464.5,-500.29043577607314
8678,-464.5,-500.2845953002611
8679,-499.0,-500.2843857072932
8680,-464.5,-500.27854812398044
8681,-464.5,-500.2727124449519
8682,-464.5,-500.2668786692759
8683,-464.5,-500.2610467960215
8684,-464.5,-500.25521682425824
8685,-464.5,-500.2493887530562
8686,-464.5,-500.2435625814863
8687,-464.5,-500.23773830861984
8688,-500.5,-500.23778103616814
8689,-464.5,-500.2319596025411
8690,-464.5,-500.2261400651466
8691,-529.0,-500.23082559843675
8692,-464.5,-500.2250081406708
8693,-464.5,-500.21919257691684
8694,-464.5,-500.21337890625
8695,-530.5,-500.21830756712774
8696,-464.5,-500.2124959323137
8697,-464.5,-500.2066861883846
8698,-487.0,-500.2045380611581
8699,-464.5,-500.19873150105707
8700,-464.5,-500.1929268292683
8701,-578.5,-500.2056576166477
8702,-464.5,-500.1998537061118
8703,-500.5,-500.1999024865919
8704,-464.5,-500.1941013974651
8705,-581.5,-500.20731112916326
8706,-464.5,-500.2015107212476
8707,-542.5,-500.2083807048887
8708,-521.5,-500.21183825917507
8709,-464.5,-500.20603994154897
8710,-464.5,-500.2002435064935
8711,-538.0,-500.2063788346048
8712,-464.5,-500.2005842259007
8713,-1243.0,-500.32110984909946
8714,-524.5,-500.32503244646335
8715,-464.5,-500.3192214111922
8716,-500.5,-500.31925072980863
8717,-464.5,-500.31344251662074
8718,-464.5,-500.3076361867704
8719,-464.5,-500.3018317393419
8720,-464.5,-500.29602917341975
8721,-464.5,-500.29022848808944
8722,-539.5,-500.29658133506155
8723,-464.5,-500.2907824396566
8724,-464.5,-500.28498542274053
8725,-565.0,-500.29546558704453
8726,-572.5,-500.3071567357513
8727,-464.5,-500.3013598834386
8728,-569.5,-500.3125606992554
8729,-464.5,-500.30676484868104
8730,-464.5,-500.3009708737864
8731,-527.5,-500.3053712991425
8732,-464.5,-500.2995794241346
8733,-464.5,-500.29378942261036
8734,-464.5,-500.28800129366107
8735,-464.5,-500.2822150363783
8736,-551.5,-500.29049466537344
8737,-536.5,-500.2963471795701
8738,-464.5,-500.2905623787977
8739,-521.5,-500.2939893359186
8740,-476.5,-500.2901453957997
8741,-476.5,-500.28630269746407
8742,-464.5,-500.28052325581393
8743,-563.5,-500.29073147101565
8744,-529.0,-500.2953664836939
8745,-476.5,-500.2915254237288
8746,-464.5,-500.2857488702389
8747,-464.5,-500.27997418105537
8748,-464.5,-500.2742013552759
8749,-464.5,-500.2684303919987
8750,-464.5,-500.26266129032257
8751,-593.5,-500.2776971456217
8752,-464.5,-500.27192841019024
8753,-566.5,-500.2826051910366
8754,-464.5,-500.27683752417795
8755,-464.5,-500.27107171635777
8756,-464.5,-500.2653077666774
8757,-464.5,-500.2595456742388
8758,-476.5,-500.25571842783506
8759,-464.5,-500.24995973586726
8760,-524.5,-500.2538647342995
8761,-464.5,-500.24810819513766
8762,-536.5,-500.2539439793947
8763,-464.5,-500.2481892805408
8764,-535.0,-500.2537817830705
8765,-511.0,-500.2555108608206
8766,-475.0,-500.25144787644786
8767,-578.5,-500.26403410004826
8768,-475.0,-500.25997105178516
8769,-464.5,-500.2542209358418
8770,-529.0,-500.2588424437299
8771,-464.5,-500.25309435782026
8772,-464.5,-500.2473481195757
8773,-464.5,-500.2416037281054
8774,-464.5,-500.2358611825193
8775,-554.5,-500.244578313253
8776,-652.0,-500.2689527786701
8777,-517.0,-500.2716396338526
8778,-464.5,-500.26589595375725
8779,-464.5,-500.26015411783595
8780,-464.5,-500.25441412520064
8781,-464.5,-500.2486759749639
8782,-529.0,-500.2532894736842
8783,-464.5,-500.24755334509865
8784,-464.5,-500.24181905678535
8785,-464.5,-500.23608660785885
8786,-512.5,-500.2380532392559
8787,-677.5,-500.2664742664743
8788,-464.5,-500.2607406219942
8789,-529.0,-500.2653470107389
8790,-464.5,-500.25961538461536
8791,-464.5,-500.25388559525715
8792,-464.5,-500.24815764178146
8793,-536.5,-500.253964440173
8794,-464.5,-500.2482383087764
8795,-487.0,-500.2461168935148
8796,-517.0,-500.24879923150814
8797,-464.5,-500.2430766768049
8798,-464.5,-500.23735595390525
8799,-527.5,-500.241718674988
8800,-464.5,-500.236
8801,-464.5,-500.23028315469526
8802,-464.5,-500.22456813819576
8803,-464.5,-500.2188549496242
8804,-500.5,-500.2188999040614
8805,-464.5,-500.21318944844126
8806,-614.5,-500.2314578005115
8807,-464.5,-500.22574716317723
8808,-464.5,-500.22003835091084
8809,-524.5,-500.22391755871547
8810,-464.5,-500.2182108626198
8811,-464.5,-500.2125059894586
8812,-464.5,-500.20680293835835
8813,-464.5,-500.20110170844646
8814,-575.5,-500.213122605364
8815,-464.5,-500.2074221867518
8816,-464.5,-500.20172358761573
8817,-464.5,-500.1960268070847
8818,-464.5,-500.19033184428844
8819,-569.5,-500.20138778114534
8820,-464.5,-500.19569377990433
8821,-464.5,-500.190001594642
8822,-464.5,-500.1843112244898
8823,-464.5,-500.17862266857964
8824,-496.0,-500.1779566464775
8825,-487.0,-500.1758565737052
8826,-464.5,-500.17017208413
8827,-464.5,-500.1644894057671
8828,-529.0,-500.16908251035363
8829,-475.0,-500.1650740563784
8830,-569.5,-500.17611464968155
8831,-638.5,-500.1981372392931
8832,-464.5,-500.1924546322827
8833,-464.5,-500.18677383415564
8834,-464.5,-500.1810948440484
8835,-464.5,-500.17541766109787
8836,-464.5,-500.1697422844416
8837,-464.5,-500.1640687132178
8838,-464.5,-500.1583969465649
8839,-464.5,-500.1527269836222
8840,-541.0,-500.15922098569155
8841,-464.5,-500.15355269432524
8842,-464.5,-500.1478862047044
8843,-475.0,-500.14389003654856
8844,-475.0,-500.1398951382269
8845,-548.5,-500.1475774424146
8846,-464.5,-500.141915501906
8847,-464.5,-500.1362553596951
8848,-686.5,-500.16584630041285
8849,-523.0,-500.1694713446579
8850,-502.0,-500.1697619047619
8851,-491.5,-500.16838597048087
8852,-464.5,-500.1627261186925
8853,-464.5,-500.15706806282725
8854,-553.0,-500.1654505076142
8855,-464.5,-500.159793814433
8856,-464.5,-500.15413891531875
8857,-593.5,-500.16893927382273
8858,-464.5,-500.16328471781867
8859,-539.5,-500.16951973371374
8860,-565.0,-500.179793977813
8861,-605.5,-500.19648233243544
8862,-464.5,-500.1908269961977
8863,-464.5,-500.1851734516078
8864,-464.5,-500.1795216978144
8865,-536.5,-500.1852731591449
8866,-464.5,-500.17962317922735
8867,-490.0,-500.1780117144214
8868,-464.5,-500.17236467236467
8869,-464.5,-500.1667194176294
8870,-568.0,-500.17745253164554
8871,-464.5,-500.171808258187
8872,-464.5,-500.16616577032585
8873,-464.5,-500.1605250672149
8874,-464.5,-500.15488614800756
8875,-529.0,-500.1594466403162
8876,-496.0,-500.15878912424915
8877,-529.0,-500.1633475580844
8878,-464.5,-500.1577117572693
8879,-464.5,-500.1520777373993
8880,-527.5,-500.1563981042654
8881,-464.5,-500.1507660717106
8882,-464.5,-500.14513581806693
8883,-476.5,-500.1414021790621
8884,-464.5,-500.13577518155984
8885,-569.5,-500.14672454617204
8886,-550.0,-500.1545928030303
8887,-464.5,-500.1489663878807
8888,-493.0,-500.14783843483747
8889,-464.5,-500.1422148603881
8890,-464.5,-500.1365930599369
8891,-476.5,-500.1328654786311
8892,-476.5,-500.1291390728477
8893,-464.5,-500.1235219927479
8894,-464.5,-500.11790668348044
8895,-578.5,-500.1302600472813
8896,-566.5,-500.14071856287427
8897,-464.5,-500.13510319836143
8898,-464.5,-500.1294896030246
8899,-464.5,-500.1238777760277
8900,-493.0,-500.12275590551184
8901,-464.5,-500.11714690599905
8902,-464.5,-500.1115396725441
8903,-476.5,-500.10782307571225
8904,-652.0,-500.13172804532576
8905,-551.5,-500.13981117230526
8906,-464.5,-500.13420390182506
8907,-626.5,-500.1540821142048
8908,-557.5,-500.1631016042781
8909,-536.5,-500.16881585154897
8910,-464.5,-500.1632075471698
8911,-592.0,-500.1776450243672
8912,-508.0,-500.178874567746
8913,-464.5,-500.1732673267327
8914,-602.5,-500.18934632306724
8915,-529.0,-500.19387274155537
8916,-515.5,-500.1962770970782
8917,-475.0,-500.19231977383384
8918,-464.5,-500.1867148241206
8919,-464.5,-500.1811116344795
8920,-464.5,-500.17551020408166
8921,-476.5,-500.17179406686546
8922,-464.5,-500.1661958568738
8923,-559.0,-500.17542758512474
8924,-464.5,-500.16983056165674
8925,-464.5,-500.16423529411765
8926,-538.0,-500.17016938519447
8927,-464.5,-500.1645758193508
8928,-487.0,-500.16251175917216
8929,-464.5,-500.1569211475153
8930,-464.5,-500.15133228840125
8931,-464.5,-500.14574518100613
8932,-464.5,-500.14015982450644
8933,-572.5,-500.15149616167946
8934,-464.5,-500.1459116541353
8935,-464.5,-500.1403288958496
8936,-536.5,-500.14602254932663
8937,-479.5,-500.14279004227336
8938,-632.5,-500.1635097056982
8939,-464.5,-500.1579276882141
8940,-464.5,-500.15234741784036
8941,-464.5,-500.14676889375687
8942,-464.5,-500.14119211514395
8943,-464.5,-500.13561708118255
8944,-475.0,-500.13168595558335
8945,-464.5,-500.126114151681
8946,-557.5,-500.13508442776737
8947,-476.5,-500.1313897139284
8948,-464.5,-500.1258205689278
8949,-464.5,-500.12025316455697
8950,-464.5,-500.1146875
8951,-464.5,-500.10912357444147
8952,-464.5,-500.1035613870665
8953,-535.0,-500.10901140090584
8954,-464.5,-500.1034509681449
8955,-464.5,-500.0978922716628
8956,-464.5,-500.09233531064626
8957,-569.5,-500.10316840955204
8958,-464.5,-500.09761235955057
8959,-464.5,-500.0920580433765
8960,-464.5,-500.0865054602184
8961,-464.5,-500.08095460926535
8962,-464.5,-500.0754054897068
8963,-527.5,-500.07968189614843
8964,-464.5,-500.0741347053321
8965,-529.0,-500.07864380358535
8966,-464.5,-500.07309850374065
8967,-464.5,-500.0675549322113
8968,-464.5,-500.0620130881895
8969,-488.5,-500.06021187100794
8970,-464.5,-500.05467289719627
8971,-464.5,-500.04913564865285
8972,-464.5,-500.0436001245718
8973,-464.5,-500.0380663241476
8974,-464.5,-500.0325342465753
8975,-464.5,-500.0270038910506
8976,-529.0,-500.031512605042
8977,-464.5,-500.0259841294539
8978,-464.5,-500.0204573739888
8979,-464.5,-500.01493233784413
8980,-464.5,-500.00940902021773
8981,-464.5,-500.0038874203079
8982,-464.5,-499.9983675373134
8983,-479.5,-499.9951810974662
8984,-488.5,-499.99339446689464
8985,-464.5,-499.9878787878788
8986,-464.5,-499.9823648228714
8987,-464.5,-499.9768525710735
8988,-575.5,-499.9885834109972
8989,-464.5,-499.9830719055754
8990,-568.0,-499.9936335403727
8991,-464.5,-499.98812296227294
8992,-529.0,-499.9926265135051
8993,-464.5,-499.987117802266
8994,-464.5,-499.9816108007449
8995,-521.5,-499.98494957331263
8996,-556.0,-499.9936394663357
8997,-464.5,-499.9881340158213
8998,-464.5,-499.98263027295286
8999,-464.5,-499.977128236936
9000,-535.0,-499.9825581395349
9001,-464.5,-499.977057820493
9002,-464.5,-499.97155920644764
9003,-476.5,-499.9679218967922
9004,-575.5,-499.97962503873566
9005,-464.5,-499.9741285824942
9006,-464.5,-499.9686338289963
9007,-515.5,-499.97103918228277
9008,-464.5,-499.9655466088572
9009,-464.5,-499.9600557361821
9010,-502.0,-499.96037151702785
9011,-464.5,-499.954883145024
9012,-464.5,-499.9493964716806
9013,-464.5,-499.9439114962092
9014,-524.5,-499.9477103960396
9015,-464.5,-499.94222737819024
9016,-568.0,-499.9527528611197
9017,-464.5,-499.9472707592392
9018,-572.5,-499.9584879406308
9019,-536.5,-499.9641366517236
9020,-464.5,-499.95865533230295
9021,-769.0,-500.00023180343067
9022,-601.0,-500.0158374536465
9023,-542.5,-500.0224007415418
9024,-464.5,-500.0169138090825
9025,-464.5,-500.01142857142855
9026,-464.5,-500.00594502779495
9027,-464.5,-500.00046317739697
9028,-464.5,-499.99498301945044
9029,-541.0,-500.00131193085355
9030,-464.5,-499.99583333333334
9031,-464.5,-499.9903564264774
9032,-490.0,-499.98881518049984
9033,-535.0,-499.994215640907
9034,-464.5,-499.98874151758173
9035,-464.5,-499.98326908249805
9036,-559.0,-499.99236817761334
9037,-464.5,-499.9868968706644
9038,-464.5,-499.9814272503083
9039,-464.5,-499.9759593157651
9040,-464.5,-499.97049306625576
9041,-464.5,-499.96502850100137
9042,-574.0,-499.97643253234753
9043,-464.5,-499.97096873556137
9044,-683.5,-499.99923005851554
9045,-602.5,-500.0150115473441
9046,-464.5,-500.0095443349754
9047,-476.5,-500.0059258119132
9048,-464.5,-500.0004616805171
9049,-476.5,-499.9968456685644
9050,-598.0,-500.0119230769231
9051,-581.5,-500.02445777572683
9052,-487.0,-500.0224546293448
9053,-611.5,-500.0395971090266
9054,-464.5,-500.0341328413284
9055,-464.5,-500.02867025365106
9056,-464.5,-500.0232093452198
9057,-557.5,-500.03204241585985
9058,-464.5,-500.0265826674862
9059,-676.0,-500.05361806729144
9060,-464.5,-500.04815668202764
9061,-464.5,-500.0426969743511
9062,-464.5,-500.03723894348894
9063,-464.5,-500.0317825886688
9064,-464.5,-500.02632790911883
9065,-464.5,-500.0208749040675
9066,-529.0,-500.02532228360957
9067,-464.5,-500.0198711063373
9068,-523.0,-500.02339674746855
9069,-556.0,-500.0319834330419
9070,-464.5,-500.0265337423313
9071,-479.5,-500.02338598374484
9072,-524.5,-500.0271389144434
9073,-517.0,-500.0297409167561
9074,-464.5,-500.0242949110975
9075,-535.0,-500.0296551724138
9076,-464.5,-500.02421084891205
9077,-464.5,-500.01876819365714
9078,-464.5,-500.0133272058824
9079,-569.5,-500.02396998008885
9080,-464.5,-500.0185298621746
9081,-578.5,-500.03054662379424
9082,-464.5,-500.0251071647275
9083,-464.5,-500.0196693708863
9084,-464.5,-500.01423324150596
9085,-464.5,-500.00879877582247
9086,-464.5,-500.0033659730722
9087,-464.5,-499.997934832492
9088,-502.0,-499.9982410523096
9089,-653.5,-500.021715858694
9090,-568.0,-500.0321100917431
9091,-536.5,-500.0376853692096
9092,-551.5,-500.0455518190156
9093,-464.5,-500.04011921137095
9094,-541.0,-500.0463783618582
9095,-464.5,-500.0409472880061
9096,-464.5,-500.0355178735105
9097,-592.0,-500.0495646861158
9098,-572.5,-500.0606291997556
9099,-464.5,-500.0551992670637
9100,-464.5,-500.0497709923664
9101,-613.0,-500.0670126698214
9102,-529.0,-500.07142857142856
9103,-635.5,-500.0920952235617
9104,-464.5,-500.08666463228565
9105,-464.5,-500.0812356979405
9106,-572.5,-500.0922818791946
9107,-490.0,-500.0907427177063
9108,-529.0,-500.0951509606587
9109,-538.0,-500.1009300198201
9110,-464.5,-500.0955030487805
9111,-551.5,-500.10333790580705
9112,-539.5,-500.1093416641268
9113,-464.5,-500.10391589212253
9114,-464.5,-500.098491773309
9115,-464.5,-500.0930693069307
9116,-464.5,-500.0876484922327
9117,-476.5,-500.0840566468707
9118,-524.5,-500.0877740560292
9119,-464.5,-500.08235652306286
9120,-581.5,-500.0947488584475
9121,-464.5,-500.08933191295085
9122,-464.5,-500.08391661594646
9123,-512.5,-500.0858055682337
9124,-544.0,-500.09248554913296
9125,-548.5,-500.09984790874523
9126,-464.5,-500.0944343065693
9127,-464.5,-500.0890223506158
9128,-521.5,-500.09227728792945
9129,-578.5,-500.10419516643867
9130,-536.5,-500.109726443769
9131,-499.0,-500.1095578179608
9132,-464.5,-500.1041476754786
9133,-464.5,-500.09873917666715
9134,-536.5,-500.10426792223575
9135,-490.0,-500.1027334851936
9136,-464.5,-500.0973276647434
9137,-464.5,-500.0919234856536
9138,-464.5,-500.08652094717667
9139,-464.5,-500.08112004856577
9140,-464.5,-500.07572078907435
9141,-542.5,-500.08215748748296
9142,-500.5,-500.0822208737864
9143,-464.5,-500.0768239041408
9144,-464.5,-500.07142857142856
9145,-566.5,-500.0815011372252
9146,-464.5,-500.07610673135235
9147,-464.5,-500.07071396089134
9148,-569.5,-500.08123673840555
9149,-464.5,-500.0758448249735
9150,-464.5,-500.07045454545454
9151,-464.5,-500.0650658991062
9152,-464.5,-500.0596788851863
9153,-464.5,-500.0542935029532
9154,-464.5,-500.04890975166563
9155,-464.5,-500.0435276305829
9156,-464.5,-500.0381471389646
9157,-512.5,-500.04003329801725
9158,-464.5,-500.0346549636804
9159,-569.5,-500.0451656831593
9160,-464.5,-500.03978819969745
9161,-476.5,-500.0362274996218
9162,-500.5,-500.03629764065334
9163,-464.5,-500.03092393769845
9164,-464.5,-500.0255518596916
9165,-464.5,-500.0201814058957
9166,-464.5,-500.01481257557435
9167,-475.0,-500.0110321898141
9168,-464.5,-500.0056663644606
9169,-464.5,-500.0003021604472
9170,-464.5,-499.99493957703925
9171,-517.0,-499.9975079293158
9172,-613.0,-500.01457263666566
9173,-464.5,-500.0092103276461
9174,-733.0,-500.044384057971
9175,-464.5,-500.03901886792454
9176,-464.5,-500.0336552973136
9177,-464.5,-500.0282933454052
9178,-475.0,-500.0245171997586
9179,-502.0,-500.0248152059134
9180,-464.5,-500.01945701357465
9181,-464.5,-500.0141004373398
9182,-674.5,-500.04041013269
9183,-476.5,-500.03686114880145
9184,-554.5,-500.04507084715107
9185,-524.5,-500.04875659382066
9186,-464.5,-500.0433996383363
9187,-464.5,-500.0380442971222
9188,-676.0,-500.0645525760771
9189,-476.5,-500.061003163127
9190,-568.0,-500.07123493975905
9191,-476.5,-500.06768558951967
9192,-464.5,-500.06233062330625
9193,-512.5,-500.0642029203673
9194,-464.5,-500.05885009030703
9195,-464.5,-500.05349887133184
9196,-464.5,-500.0481492627144
9197,-464.5,-500.042801263728
9198,-464.5,-500.0374548736462
9199,-464.5,-500.0321100917431
9200,-464.5,-500.02676691729323
9201,-464.5,-500.0214253495715
9202,-523.0,-500.0248797354179
9203,-538.0,-500.0305877047948
9204,-464.5,-500.0252479711452
9205,-464.5,-500.0199098422239
9206,-535.0,-500.0251652644231
9207,-464.5,-500.01982875168994
9208,-464.5,-500.0144938419946
9209,-464.5,-500.0091605346148
9210,-464.5,-500.00382882882883
9211,-523.0,-500.00728118901065
9212,-464.5,-500.0019513659562
9213,-464.5,-499.9966231427285
9214,-568.0,-500.0068277310924
9215,-680.5,-500.03390847711927
9216,-464.5,-500.02857785778576
9217,-464.5,-500.0232488375581
9218,-476.5,-500.01972105578886
9219,-464.5,-500.0143949617634
9220,-464.5,-500.0090704647676
9221,-535.0,-500.01431569479837
9222,-464.5,-500.0089928057554
9223,-476.5,-500.0054698036865
9224,-464.5,-500.0001498351813
9225,-464.5,-499.99483146067416
9226,-464.5,-499.98951467944875
9227,-569.5,-499.9999251160701
9228,-521.5,-500.00314465408803
9229,-524.5,-500.0068123970654
9230,-464.5,-500.001497005988
9231,-464.5,-499.9961832061069
9232,-464.5,-499.9908709967076
9233,-464.5,-499.9855603770762
9234,-464.5,-499.98025134649913
9235,-602.5,-499.9955871353777
9236,-464.5,-499.9902781932396
9237,-589.0,-500.00358905338715
9238,-551.5,-500.0112888755981
9239,-464.5,-500.0059799671102
9240,-464.5,-500.0006726457399
9241,-464.5,-499.99536691077566
9242,-464.5,-499.9900627615063
9243,-668.5,-500.01523980277904
9244,-464.5,-500.0099342694951
9245,-464.5,-500.00463032113515
9246,-529.0,-500.0089605734767
9247,-554.5,-500.0170972077049
9248,-502.0,-500.01739325171695
9249,-464.5,-500.0120913569189
9250,-493.0,-500.0110447761194
9251,-524.5,-500.01469929861213
9252,-526.0,-500.0185765443151
9253,-464.5,-500.013277636879
9254,-464.5,-500.00798031026255
9255,-500.5,-500.00805369127517
9256,-464.5,-500.00275872353114
9257,-587.5,-500.01580438348
9258,-464.5,-500.0105098389982
9259,-517.0,-500.0130421821434
9260,-464.5,-500.00774962742173
9261,-464.5,-500.00245864997765
9262,-464.5,-499.9971692491061
9263,-584.5,-500.00975718754654
9264,-464.5,-500.00446827524576
9265,-535.0,-500.0096798212956
9266,-464.5,-500.00439249553307
9267,-544.0,-500.0109423849933
9268,-544.0,-500.01749032450135
9269,-464.5,-500.0122041970531
9270,-464.5,-500.00691964285716
9271,-464.5,-500.00163666121114
9272,-464.5,-499.99635525141326
9273,-464.5,-499.99107541276214
9274,-464.5,-499.9857971445568
9275,-502.0,-499.9860966542751
9276,-464.5,-499.9808206958073
9277,-464.5,-499.97554630593135
9278,-475.0,-499.97183412604045
9279,-475.0,-499.9681230494873
9280,-464.5,-499.962852897474
9281,-464.5,-499.957584311395
9282,-637.0,-499.9779411764706
9283,-529.0,-499.9822515966137
9284,-464.5,-499.97698247698247
9285,-464.5,-499.971714922049
9286,-535.0,-499.9769150831354
9287,-464.5,-499.97164910197415
9288,-464.5,-499.96638468388244
9289,-464.5,-499.96112182816444
9290,-464.5,-499.9558605341246
9291,-464.5,-499.9506008010681
9292,-464.5,-499.9453426283002
9293,-464.5,-499.9400860151268
9294,-464.5,-499.9348309608541
9295,-565.0,-499.94447739065976
9296,-464.5,-499.9392232434035
9297,-536.5,-499.94464206313916
9298,-535.0,-499.9498369887374
9299,-520.0,-499.95280782338125
9300,-569.5,-499.9631111111111
9301,-493.0,-499.9620796918975
9302,-544.0,-499.9686018957346
9303,-479.5,-499.9655708573967
9304,-529.0,-499.96986970684037
9305,-529.0,-499.9741672834937
9306,-464.5,-499.9689165186501
9307,-464.5,-499.9636673079769
9308,-527.5,-499.96774193548384
9309,-464.5,-499.96249445184196
9310,-464.5,-499.95724852071004
9311,-521.5,-499.96043484691614
9312,-521.5,-499.963620230701
9313,-464.5,-499.9583764601508
9314,-502.0,-499.95867829686574
9315,-499.0,-499.95853658536583
9316,-464.5,-499.9532958912208
9317,-527.5,-499.9573666321856
9318,-529.0,-499.9616578014184
9319,-608.5,-499.97769242133256
9320,-464.5,-499.97245199409156
9321,-464.5,-499.9672131147541
9322,-500.5,-499.96729178972237
9323,-640.0,-499.98796692750625
9324,-464.5,-499.98272807794507
9325,-464.5,-499.9774907749077
9326,-464.5,-499.9722550177096
9327,-464.5,-499.9670208056662
9328,-464.5,-499.9617881380938
9329,-464.5,-499.9565570143089
9330,-487.0,-499.95464601769913
9331,-479.5,-499.95162955316323
9332,-464.5,-499.9464022412268
9333,-464.5,-499.94117647058823
9334,-656.5,-499.9642541273585
9335,-553.0,-499.9720707442889
9336,-464.5,-499.96684350132625
9337,-464.5,-499.96161779873285
9338,-464.5,-499.9563936358279
9339,-464.5,-499.9511710119311
9340,-544.0,-499.95765832106036
9341,-553.0,-499.9654690030923
9342,-611.5,-499.98189045936397
9343,-464.5,-499.9766671573679
9344,-500.5,-499.9767441860465
9345,-464.5,-499.97152317880796
9346,-464.5,-499.96630370806355
9347,-476.5,-499.9628512579079
9348,-464.5,-499.9576345984113
9349,-464.5,-499.952419473452
9350,-464.5,-499.94720588235293
9351,-464.5,-499.9419938244376
9352,-464.5,-499.9367832990297
9353,-464.5,-499.93157430545347
9354,-527.5,-499.93562610229276
9355,-464.5,-499.9304188096988
9356,-464.5,-499.9252130473112
9357,-464.5,-499.9200088144557
9358,-529.0,-499.9242802585194
9359,-464.5,-499.91907769129097
9360,-464.5,-499.9138766519824
9361,-536.5,-499.9192482748495
9362,-464.5,-499.914048737522
9363,-464.5,-499.9088507265522
9364,-464.5,-499.903654241268
9365,-575.5,-499.9147468818782
9366,-479.5,-499.9117517605634
9367,-572.5,-499.92239988264635
9368,-464.5,-499.9172044587856
9369,-464.5,-499.91201055873296
9370,-464.5,-499.9068181818182
9371,-535.0,-499.91196305527046
9372,-464.5,-499.9067722075638
9373,-464.5,-499.90158288143044
9374,-535.0,-499.9067262602579
9375,-536.5,-499.9120879120879
9376,-464.5,-499.9069000878992
9377,-568.0,-499.9168741760656
9378,-592.0,-499.9303602811951
9379,-464.5,-499.92517206033096
9380,-464.5,-499.9199853587116
9381,-626.5,-499.9385155906895
9382,-464.5,-499.9333284543325
9383,-464.5,-499.9281428362359
9384,-464.5,-499.9229587357331
9385,-475.0,-499.91931236283835
9386,-475.0,-499.91566705675837
9387,-475.0,-499.912022817025
9388,-517.0,-499.9145217899971
9389,-556.0,-499.92272262026614
9390,-475.0,-499.9190789473684
9391,-548.5,-499.92618038298497
9392,-464.5,-499.9210026308097
9393,-464.5,-499.91582639193336
9394,-535.0,-499.9209526592636
9395,-464.5,-499.91577794010226
9396,-464.5,-499.9106047326906
9397,-496.0,-499.91003359135385
9398,-464.5,-499.90486273364485
9399,-725.5,-499.93780113885236
9400,-523.0,-499.9411678832117
9401,-584.5,-499.9535104364326
9402,-524.5,-499.95709281961473
9403,-476.5,-499.95366992558
9404,-464.5,-499.9484972278961
9405,-464.5,-499.94332603938733
9406,-464.5,-499.93815635939325
9407,-502.0,-499.93845705118855
9408,-464.5,-499.9332895888014
9409,-464.5,-499.9281236331827
9410,-464.5,-499.92295918367347
9411,-740.5,-499.95802361171843
9412,-464.5,-499.95285631011365
9413,-464.5,-499.9476905143523
9414,-464.5,-499.9425262237762
9415,-487.0,-499.9406409322651
9416,-464.5,-499.9354791727352
9417,-806.5,-499.980122324159
9418,-575.5,-499.99111822947003
9419,-464.5,-499.9859513757461
9420,-464.5,-499.98078602620086
9421,-464.5,-499.97562218017754
9422,-592.0,-499.98901338766007
9423,-464.5,-499.98384984722827
9424,-554.5,-499.99178062263604
9425,-578.5,-500.0032
9426,-464.5,-499.99803664921467
9427,-592.0,-500.0114148611313
9428,-464.5,-500.0062518173888
9429,-529.0,-500.0104666375927
9430,-464.5,-500.00530523255816
9431,-464.5,-500.000145327714
9432,-464.5,-499.99498692240627
9433,-517.0,-499.99745750399535
9434,-476.5,-499.99404416037186
9435,-476.5,-499.99063180827886
9436,-574.0,-500.0013796108045
9437,-542.5,-500.0075504573835
9438,-584.5,-500.0198170731707
9439,-464.5,-500.01466105385396
9440,-512.5,-500.016473149492
9441,-476.5,-500.0130605137135
9442,-646.0,-500.0342426001161
9443,-464.5,-500.0290874800522
9444,-464.5,-500.02393385552654
9445,-464.5,-500.01878172588835
9446,-464.5,-500.01363109048725
9447,-464.5,-500.00848194867336
9448,-464.5,-500.003334299797
9449,-464.5,-499.9981881432092
9450,-464.5,-499.99304347826086
9451,-500.5,-499.99311693957395
9452,-557.5,-500.00144885540425
9453,-464.5,-499.9963059539331
9454,-464.5,-499.9911645422943
9455,-464.5,-499.9860246198407
9456,-572.5,-499.9965247610773
9457,-535.0,-500.00159258723033
9458,-464.5,-499.99645338737696
9459,-464.5,-499.99131567520624
9460,-541.0,-499.9972503617945
9461,-587.5,-500.00991173491536
9462,-464.5,-500.00477430555554
9463,-464.5,-499.99963836250544
9464,-464.5,-499.99450390512004
9465,-464.5,-499.98937093275487
9466,-610.0,-500.0052776171197
9467,-464.5,-500.00014457134597
9468,-464.5,-499.99501300954034
9469,-476.5,-499.99161728573495
9470,-649.0,-500.01315028901735
9471,-464.5,-500.0080190723884
9472,-464.5,-500.0028893383415
9473,-464.5,-499.9977610862343
9474,-464.5,-499.9926343154246
9475,-545.5,-499.9992057761733
9476,-517.0,-500.0016604100491
9477,-464.5,-499.99653529666523
9478,-476.5,-499.9931437644342
9479,-557.5,-500.0014432096984
9480,-464.5,-499.9963203463204
9481,-464.5,-499.99119896118884
9482,-500.5,-499.9912723600692
9483,-464.5,-499.98615318044136
9484,-476.5,-499.9827660801846
9485,-476.5,-499.9793799567412
9486,-505.0,-499.9801038062284
9487,-464.5,-499.97498918840995
9488,-548.5,-499.9819832804843
9489,-488.5,-499.98032857760484
9490,-592.0,-499.9935878962536
9491,-524.5,-499.9971185708111
9492,-464.5,-499.9920051858254
9493,-499.0,-499.99186230735995
9494,-464.5,-499.98675115207374
9495,-499.0,-499.9866090712743
9496,-464.5,-499.98150014396776
9497,-476.5,-499.97812005182095
9498,-475.0,-499.9745250431779
9499,-476.5,-499.9711469276155
9500,-464.5,-499.9660431654676
9501,-529.0,-499.97022011221407
9502,-551.5,-499.9776323360184
9503,-611.5,-499.9936717963469
9504,-632.5,-500.01272648835203
9505,-524.5,-500.01624730409776
9506,-464.5,-500.01114146060957
9507,-524.5,-500.0146614920224
9508,-643.0,-500.03521126760563
9509,-464.5,-500.03010490012934
9510,-464.5,-500.025
9511,-464.5,-500.01989656658526
9512,-496.0,-500.0193191611606
9513,-476.5,-500.015941404567
9514,-491.5,-500.014718552556
9515,-464.5,-500.0096195262024
9516,-476.5,-500.00624461670975
9517,-500.5,-500.0063154872973
9518,-529.0,-500.01047646383466
9519,-476.5,-500.00710288420146
9520,-464.5,-500.0020086083214
9521,-475.0,-499.99842203414147
9522,-464.5,-499.993330464716
9523,-595.0,-500.00695539939767
9524,-464.5,-500.00186406653285
9525,-464.5,-499.9967741935484
9526,-464.5,-499.9916857798165
9527,-464.5,-499.98659882470974
9528,-629.5,-500.00515907136713
9529,-512.5,-500.00694941968766
9530,-668.5,-500.0310888252149
9531,-464.5,-500.0259991405243
9532,-464.5,-500.02091091377827
9533,-521.5,-500.0239868251468
9534,-464.5,-500.0189003436426
9535,-500.5,-500.0189692197566
9536,-464.5,-500.0138849126825
9537,-464.5,-500.00880206097037
9538,-464.5,-500.0037206639954
9539,-512.5,-500.00550865646017
9540,-475.0,-500.0019313304721
9541,-541.0,-500.0077957373766
9542,-542.5,-500.01387299771164
9543,-464.5,-500.0087945087945
9544,-536.5,-500.01401201029455
9545,-574.0,-500.02458899213724
9546,-464.5,-500.01951114922815
9547,-502.0,-500.0197941975132
9548,-464.5,-500.01471849099744
9549,-464.5,-500.0096442348907
9550,-464.5,-500.0045714285714
9551,-524.5,-500.0080702756749
9552,-464.5,-500.002999143102
9553,-635.5,-500.02234756532914
9554,-569.5,-500.0322672758424
9555,-464.5,-500.0271948608137
9556,-499.0,-500.027048244362
9557,-464.5,-500.02197802197804
9558,-464.5,-500.0169092465753
9559,-524.5,-500.0204023398488
9560,-464.5,-500.015335235378
9561,-464.5,-500.01026957638
9562,-464.5,-500.00520536223615
9563,-464.5,-500.00014259232853
9564,-464.5,-499.99508126603934
9565,-464.5,-499.99002138275125
9566,-464.5,-499.9849629418472
9567,-464.5,-499.97990594271056
9568,-464.5,-499.974850384725
9569,-464.5,-499.96979626727455
9570,-755.5,-500.0061965811966
9571,-464.5,-500.0011394388264
9572,-464.5,-499.99608373682713
9573,-464.5,-499.9910294745835
9574,-464.5,-499.98597665148066
9575,-548.5,-499.9928825622776
9576,-496.0,-499.99231426131513
9577,-464.5,-499.9872634125516
9578,-529.0,-499.99139157655094
9579,-604.0,-500.0061886470337
9580,-464.5,-500.00113798008533
9581,-464.5,-499.9960887498222
9582,-476.5,-499.99274744027304
9583,-464.5,-499.9877008389023
9584,-475.0,-499.9841484219505
9585,-464.5,-499.97910447761194
9586,-464.5,-499.9740619670267
9587,-487.0,-499.97221827483304
9588,-464.5,-499.9671781756181
9589,-569.5,-499.9770564000568
9590,-569.5,-499.9869318181818
9591,-512.5,-499.9887089902003
9592,-620.5,-500.00582220959956
9593,-500.5,-500.0058923754082
9594,-464.5,-500.0008517887564
9595,-464.5,-499.9958126330731
9596,-554.5,-500.0035481124042
9597,-521.5,-500.00659855257555
9598,-464.5,-500.0015607264472
9599,-512.5,-500.0033338062137
9600,-512.5,-500.00510638297874
9601,-524.5,-500.00858034321374
9602,-464.5,-500.00354509359045
9603,-475.0,-500.0
9604,-464.5,-499.99496739438615
9605,-464.5,-499.98993621545003
9606,-464.5,-499.98490646258506
9607,-464.5,-499.97987813518495
9608,-554.5,-499.9876027203174
9609,-464.5,-499.98257543561414
9610,-464.5,-499.97754957507084
9611,-535.0,-499.98250955955245
9612,-464.5,-499.97748513169074
9613,-464.5,-499.9724621265751
9614,-464.5,-499.96744054360136
9615,-464.5,-499.9624203821656
9616,-572.5,-499.9726861024625
9617,-464.5,-499.9676666194991
9618,-464.5,-499.96264855687605
9619,-508.0,-499.9637855425095
9620,-512.5,-499.965558698727
9621,-574.0,-499.9760288502333
9622,-476.5,-499.9727092760181
9623,-464.5,-499.96769404778735
9624,-605.5,-499.98261238337574
9625,-464.5,-499.9775971731449
9626,-464.5,-499.97258338044094
9627,-464.5,-499.967571004663
9628,-464.5,-499.9625600452105
9629,-464.5,-499.95755050148324
9630,-574.0,-499.96800847457627
9631,-524.5,-499.9714729557972
9632,-464.5,-499.96646427562837
9633,-541.0,-499.97225751800084
9634,-464.5,-499.96725014116316
9635,-464.5,-499.9622441778405
9636,-464.5,-499.9572396274344
9637,-476.5,-499.95392973049246
9638,-500.5,-499.95400677200905
9639,-535.0,-499.9589504866695
9640,-464.5,-499.95394922425953
9641,-475.0,-499.95043012269076
9642,-529.0,-499.95452622673434
9643,-464.5,-499.94952770336954
9644,-464.5,-499.94453058923034
9645,-464.5,-499.9395348837209
9646,-500.5,-499.9396138669673
9647,-464.5,-499.93462026208255
9648,-464.5,-499.92962806424345
9649,-464.5,-499.9246372728553
9650,-464.5,-499.91964788732395
9651,-464.5,-499.91465990705535
9652,-598.0,-499.92847085328077
9653,-476.5,-499.92517246233984
9654,-464.5,-499.92018581081084
9655,-464.5,-499.91520056298384
9656,-464.5,-499.91021671826627
9657,-464.5,-499.90523427606587
9658,-464.5,-499.9002532357907
9659,-752.5,-499.9357856238571
9660,-535.0,-499.94071729957807
9661,-512.5,-499.9424834763043
9662,-520.0,-499.945303712036
9663,-464.5,-499.9403205398566
9664,-464.5,-499.93533876862523
9665,-464.5,-499.9303583977512
9666,-464.5,-499.92537942664416
9667,-464.5,-499.92040185471404
9668,-464.5,-499.9154256813712
9669,-520.0,-499.9182469447956
9670,-464.5,-499.9132724719101
9671,-569.5,-499.92304451621965
9672,-589.0,-499.935551811289
9673,-464.5,-499.9305770040713
9674,-464.5,-499.9256035934868
9675,-572.5,-499.9357894736842
9676,-491.5,-499.9346056693797
9677,-464.5,-499.92963378700716
9678,-464.5,-499.9246632996633
9679,-464.5,-499.9196942067611
9680,-464.5,-499.9147265077139
9681,-464.5,-499.9097602019352
9682,-464.5,-499.904795288839
9683,-529.0,-499.90887424646013
9684,-464.5,-499.9039108494533
9685,-464.5,-499.8989488437281
9686,-464.5,-499.8939882286995
9687,-464.5,-499.8890290037831
9688,-464.5,-499.8840711683945
9689,-464.5,-499.87911472194986
9690,-464.5,-499.87415966386556
9691,-502.0,-499.87445735891333
9692,-464.5,-499.86950434052085
9693,-464.5,-499.86455270894584
9694,-464.5,-499.8596024636058
9695,-464.5,-499.85465360391885
9696,-464.5,-499.8497061293031
9697,-557.5,-499.8577724919547
9698,-464.5,-499.852825965305
9699,-532.0,-499.85732270247587
9700,-464.5,-499.8523776223776
9701,-464.5,-499.8474339253251
9702,-464.5,-499.84249161073825
9703,-512.5,-499.8442611491682
9704,-529.0,-499.8483365949119
9705,-490.0,-499.8469601677149
9706,-464.5,-499.8420206819452
9707,-512.5,-499.84378929719156
9708,-602.5,-499.8581307627829
9709,-464.5,-499.8531917865624
9710,-464.5,-499.84825418994416
9711,-464.5,-499.84331797235023
9712,-464.5,-499.838383133203
9713,-610.0,-499.85376239006
9714,-517.0,-499.85615577889445
9715,-464.5,-499.85122121423586
9716,-464.5,-499.8462880267932
9717,-632.5,-499.86479698618666
9718,-512.5,-499.86655970982144
9719,-464.5,-499.86162644720326
9720,-464.5,-499.85669456066944
9721,-539.5,-499.8622228420025
9722,-464.5,-499.8572922476297
9723,-587.5,-499.86951066499375
9724,-464.5,-499.86458042932816
9725,-464.5,-499.85965156794424
9726,-464.5,-499.85472408026754
9727,-500.5,-499.85481398913197
9728,-542.5,-499.86075508498186
9729,-674.5,-499.8850814876724
9730,-464.5,-499.8801532033426
9731,-464.5,-499.8752262916028
9732,-464.5,-499.8703007518797
9733,-464.5,-499.86537658360015
9734,-464.5,-499.86045378619156
9735,-464.5,-499.8555323590814
9736,-464.5,-499.85061230169777
9737,-464.5,-499.84569361346877
9738,-464.5,-499.840776293823
9739,-599.5,-499.8546390318542
9740,-464.5,-499.84972183588314
9741,-464.5,-499.84480600750936
9742,-464.5,-499.8398915461624
9743,-464.5,-499.8349784512721
9744,-464.5,-499.83006672226855
9745,-568.0,-499.83954134815843
9746,-464.5,-499.8346303501946
9747,-464.5,-499.8297207169654
9748,-532.0,-499.83419005279245
9749,-464.5,-499.82928184470063
9750,-529.0,-499.8333333333333
9751,-475.0,-499.8298847382308
9752,-464.5,-499.8249791724521
9753,-464.5,-499.82007496876304
9754,-464.5,-499.81517212659634
9755,-535.0,-499.82005551700206
9756,-464.5,-499.81515403830144
9757,-572.5,-499.8252393506313
9758,-464.5,-499.8203385127636
9759,-464.5,-499.81543903454013
9760,-464.5,-499.8105409153953
9761,-464.5,-499.80564415476357
9762,-464.5,-499.80074875207987
9763,-464.5,-499.79585470677944
9764,-464.5,-499.79096201829776
9765,-602.5,-499.8051975051975
9766,-475.0,-499.80175997782703
9767,-464.5,-499.79686850491896
9768,-464.5,-499.7919783873649
9769,-502.0,-499.7922842498961
9770,-464.5,-499.78739612188366
9771,-464.5,-499.78250934773575
9772,-464.5,-499.77762392689004
9773,-524.5,-499.7810466565139
9774,-464.5,-499.7761627906977
9775,-464.5,-499.7712802768166
9776,-464.5,-499.7663991143094
9777,-464.5,-499.76151930261517
9778,-464.5,-499.75664084117324
9779,-517.0,-499.759026144695
9780,-464.5,-499.75414937759336
9781,-464.5,-499.74927395934174
9782,-464.5,-499.74439988938053
9783,-464.5,-499.7395271671506
9784,-487.0,-499.7377661045065
9785,-592.0,-499.7505183137526
9786,-476.5,-499.7473051409619
9787,-464.5,-499.7424347105154
9788,-476.5,-499.739223542415
9789,-464.5,-499.7343555739743
9790,-464.5,-499.7294889502762
9791,-464.5,-499.7246236707637
9792,-464.5,-499.71975973487986
9793,-488.5,-499.71821068617976
9794,-464.5,-499.7133489784649
9795,-464.5,-499.70848861283645
9796,-599.5,-499.722260557549
9797,-538.0,-499.7275424313509
9798,-464.5,-499.7226821192053
9799,-464.5,-499.71782314802044
9800,-464.5,-499.7129655172414
9801,-487.0,-499.7112122465867
9802,-587.5,-499.72331770546054
9803,-464.5,-499.7184613263477
9804,-475.0,-499.71505376344084
9805,-542.5,-499.7209510682288
9806,-527.5,-499.72477949283353
9807,-569.5,-499.7343943778421
9808,-464.5,-499.72953981813174
9809,-464.5,-499.72468659594983
9810,-542.5,-499.7305785123967
9811,-464.5,-499.7257264839554
9812,-593.5,-499.73863949325255
9813,-487.0,-499.73688558446923
9814,-530.5,-499.74112059471366
9815,-487.0,-499.73936682725395
9816,-502.0,-499.7396779521057
9817,-464.5,-499.7348286775836
9818,-602.5,-499.74896807925154
9819,-464.5,-499.7441188609162
9820,-464.5,-499.73927097661624
9821,-554.5,-499.74680236556185
9822,-464.5,-499.74195544554453
9823,-464.5,-499.73710985838034
9824,-517.0,-499.73948309045915
9825,-464.5,-499.7346391752577
9826,-542.5,-499.74051676745466
9827,-464.5,-499.7356740415006
9828,-569.5,-499.74525968672714
9829,-578.5,-499.7560791317489
9830,-500.5,-499.75618131868134
9831,-464.5,-499.75133910177175
9832,-464.5,-499.7464982147762
9833,-529.0,-499.750514897707
9834,-499.0,-499.7504118616145
9835,-464.5,-499.7455730954015
9836,-464.5,-499.7407356574252
9837,-464.5,-499.73589954713873
9838,-527.5,-499.7397091108672
9839,-464.5,-499.73487446837703
9840,-512.5,-499.7366255144033
9841,-500.5,-499.736730215334
9842,-539.5,-499.7421832144816
9843,-568.0,-499.751542575072
9844,-464.5,-499.7467096243488
9845,-464.5,-499.7418779986292
9846,-520.0,-499.7446546052632
9847,-464.5,-499.73982458544606
9848,-535.0,-499.7446560701562
9849,-464.5,-499.7398273736128
9850,-464.5,-499.735
9851,-578.5,-499.7457882481852
9852,-584.5,-499.7573952341824
9853,-599.5,-499.7710529919211
9854,-464.5,-499.7662239868565
9855,-464.5,-499.76139630390145
9856,-464.5,-499.756569942513
9857,-464.5,-499.75174490214863
9858,-464.5,-499.746921182266
9859,-617.5,-499.76303187850596
9860,-464.5,-499.75820793433655
9861,-464.5,-499.75338530980713
9862,-464.5,-499.74856400437636
9863,-530.5,-499.75276904143306
9864,-512.5,-499.7545118949959
9865,-541.0,-499.7601503759399
9866,-479.5,-499.75738108255877
9867,-464.5,-499.75256252562525
9868,-464.5,-499.74774528559715
9869,-634.0,-499.76608826342397
9870,-524.5,-499.76946721311475
9871,-464.5,-499.7646496380276
9872,-464.5,-499.7598333788582
9873,-490.0,-499.7585006145022
9874,-569.5,-499.76802293828507
9875,-464.5,-499.7632081911263
9876,-521.5,-499.76617526617525
9877,-464.5,-499.76136208543744
9878,-541.0,-499.76698962882097
9879,-464.5,-499.7621776504298
9880,-464.5,-499.75736698499315
9881,-464.5,-499.7525576319738
9882,-464.5,-499.7477495908347
9883,-464.5,-499.7429428610391
9884,-572.5,-499.7528633760567
9885,-464.5,-499.7480572597137
9886,-530.5,-499.7522491821156
9887,-508.0,-499.75337331334333
9888,-541.0,-499.7589942763696
9889,-464.5,-499.75418994413405
9890,-587.5,-499.76614441416893
9891,-535.0,-499.7709440130772
9892,-464.5,-499.7661400163443
9893,-464.5,-499.76133732806755
9894,-464.5,-499.7565359477124
9895,-529.0,-499.76051735874745
9896,-605.5,-499.77491151647155
9897,-587.5,-499.7868517762352
9898,-520.0,-499.7896026129559
9899,-475.0,-499.78622941896856
9900,-512.5,-499.7879591836735
9901,-464.5,-499.78315875391104
9902,-464.5,-499.77835963003264
9903,-512.5,-499.7800897592819
9904,-464.5,-499.77529235790047
9905,-508.0,-499.7764106050306
9906,-520.0,-499.77915986949426
9907,-530.5,-499.7833355987495
9908,-557.5,-499.79117966838817
9909,-529.0,-499.79514879739094
9910,-464.5,-499.79035326086955
9911,-500.5,-499.7904496671648
9912,-464.5,-499.78565607171964
9913,-557.5,-499.7934944995246
9914,-464.5,-499.78870179250407
9915,-464.5,-499.7839103869654
9916,-464.5,-499.77912028237847
9917,-464.5,-499.77433147821364
9918,-574.0,-499.7844055374593
9919,-464.5,-499.77961731578233
9920,-464.5,-499.7748303934871
9921,-538.0,-499.7800162800163
9922,-464.5,-499.7752306022789
9923,-464.5,-499.77044622270444
9924,-464.5,-499.76566314076484
9925,-464.5,-499.7608813559322
9926,-464.5,-499.756100867679
9927,-529.0,-499.76006506710047
9928,-464.5,-499.75528598536187
9929,-574.0,-499.765347608077
9930,-464.5,-499.76056910569105
9931,-464.5,-499.7557918981168
9932,-464.5,-499.751015984828
9933,-464.5,-499.74624136529866
9934,-464.5,-499.7414680390032
9935,-500.5,-499.74157075152334
9936,-464.5,-499.7367993501218
9937,-464.5,-499.7320292405577
9938,-464.5,-499.7272604223064
9939,-464.5,-499.7224928948437
9940,-551.5,-499.72949932341004
9941,-464.5,-499.7247327831146
9942,-515.5,-499.7268668831169
9943,-464.5,-499.7221019883674
9944,-475.0,-499.7187584527996
9945,-464.5,-499.71399594320485
9946,-464.5,-499.7092347214711
9947,-464.5,-499.70447478707587
9948,-464.5,-499.6997161394972
9949,-677.5,-499.7237464522233
9950,-578.5,-499.7343918918919
9951,-547.0,-499.74077827320633
9952,-677.5,-499.76479329910836
9953,-464.5,-499.760029717682
9954,-686.5,-499.7852512155592
9955,-508.0,-499.7863605671843
9956,-464.5,-499.7815960032406
9957,-464.5,-499.7768327257999
9958,-464.5,-499.77207073434124
9959,-464.5,-499.7673100283439
9960,-502.0,-499.7676113360324
9961,-464.5,-499.7628525165295
9962,-517.0,-499.7651780895845
9963,-464.5,-499.7604208822339
9964,-464.5,-499.7556649581872
9965,-500.5,-499.75576534052595
9966,-749.5,-499.7894417475728
9967,-632.5,-499.80733450182015
9968,-493.0,-499.8064168239418
9969,-464.5,-499.8016579053781
9970,-464.5,-499.79690026954177
9971,-464.5,-499.7921439159143
9972,-464.5,-499.78738884397734
9973,-464.5,-499.78263505321297
9974,-464.5,-499.77788254310343
9975,-464.5,-499.77313131313133
9976,-464.5,-499.76838136277945
9977,-464.5,-499.7636326915309
9978,-464.5,-499.75888529886913
9979,-464.5,-499.75413918427785
9980,-464.5,-499.7493943472409
9981,-464.5,-499.7446507872426
9982,-464.5,-499.7399085037675
9983,-475.0,-499.73658011570024
9984,-475.0,-499.7332526230831
9985,-464.5,-499.7285137861466
9986,-464.5,-499.7237762237762
9987,-464.5,-499.71903993545783
9988,-487.0,-499.7173299273998
9989,-464.5,-499.7125957790025
9990,-599.5,-499.7260080645161
9991,-464.5,-499.7212740223088
9992,-487.0,-499.71956463316315
9993,-464.5,-499.71483272873843
9994,-535.0,-499.71957281031706
9995,-464.5,-499.714842175957
9996,-464.5,-499.7101128122482
9997,-464.5,-499.70538471867866
9998,-496.0,-499.7048872180451
9999,-496.0,-499.70438985098673
10000,-464.5,-499.6996644295302
